id,text
1,"وَاصْبِرْ لِحُكْمِ رَبِّكَ فَإِنَّكَ بِأَعْيُنِنَا

<a href=""https://t.me/YOUR_CHANNEL"">القرآن الكريم</a> ✍️"
2,"فَإِنَّ مَعَ الْعُسْرِ يُسْرًا ۝ إِنَّ مَعَ الْعُسْرِ يُسْرًا

<a href=""https://t.me/YOUR_CHANNEL"">القرآن الكريم</a> ✍️"
3,"وَمَن يَتَّقِ اللَّهَ يَجْعَل لَّهُ مَخْرَجًا ۝ وَيَرْزُقْهُ مِنْ حَيْثُ لَا يَحْتَسِبُ

<a href=""https://t.me/YOUR_CHANNEL"">القرآن الكريم</a> ✍️"
4,"أَلَا بِذِكْرِ اللَّهِ تَطْمَئِنُّ الْقُلُوبُ

<a href=""https://t.me/YOUR_CHANNEL"">القرآن الكريم</a> ✍️"
5,"قُل يَا عِبَادِيَ الَّذِينَ أَسْرَفُوا عَلَى أَنفُسِهِمْ لَا تَقْنَطُوا مِن رَّحْمَةِ اللَّهِ

<a href=""https://t.me/YOUR_CHANNEL"">القرآن الكريم</a> ✍️"
6,"وَإِذَا سَأَلَكَ عِبَادِي عَنِّي فَإِنِّي قَرِيبٌ أُجِيبُ دَعْوَةَ الدَّاعِ إِذَا دَعَانِ

<a href=""https://t.me/YOUR_CHANNEL"">القرآن الكريم</a> ✍️"
7,"لَا تُدْرِكُهُ الْأَبْصَارُ وَهُوَ يُدْرِكُ الْأَبْصَارَ وَهُوَ اللَّطِيفُ الْخَبِيرُ

<a href=""https://t.me/YOUR_CHANNEL"">القرآن الكريم</a> ✍️"
8,"وَتَوَكَّلْ عَلَى الْحَيِّ الَّذِي لَا يَمُوتُ

<a href=""https://t.me/YOUR_CHANNEL"">القرآن الكريم</a> ✍️"
9,"وَعَسَى أَن تَكْرَهُوا شَيْئًا وَهُوَ خَيْرٌ لَّكُمْ

<a href=""https://t.me/YOUR_CHANNEL"">القرآن الكريم</a> ✍️"
10,"إِنَّ اللَّهَ مَعَ الصَّابِرِينَ

<a href=""https://t.me/YOUR_CHANNEL"">القرآن الكريم</a> ✍️"
11,"وَالذَّاكِرِينَ اللَّهَ كَثِيرًا وَالذَّاكِرَاتِ أَعَدَّ اللَّهُ لَهُم مَّغْفِرَةً وَأَجْرًا عَظِيمًا

<a href=""https://t.me/YOUR_CHANNEL"">القرآن الكريم</a> ✍️"
12,"وَهُوَ مَعَكُمْ أَيْنَ مَا كُنتُمْ

<a href=""https://t.me/YOUR_CHANNEL"">القرآن الكريم</a> ✍️"
13,"مَا وَدَّعَكَ رَبُّكَ وَمَا قَلَى

<a href=""https://t.me/YOUR_CHANNEL"">القرآن الكريم</a> ✍️"
14,"وَلَسَوْفَ يُعْطِيكَ رَبُّكَ فَتَرْضَى

<a href=""https://t.me/YOUR_CHANNEL"">القرآن الكريم</a> ✍️"
15,"إِنَّ رَبِّي لَطِيفٌ لِّمَا يَشَاءُ إِنَّهُ هُوَ الْعَلِيمُ الْحَكِيمُ

<a href=""https://t.me/YOUR_CHANNEL"">القرآن الكريم</a> ✍️"
16,"فَبِمَا رَحْمَةٍ مِّنَ اللَّهِ لِنتَ لَهُمْ

<a href=""https://t.me/YOUR_CHANNEL"">القرآن الكريم</a> ✍️"
17,"وَقُل رَّبِّ زِدْنِي عِلْمًا

<a href=""https://t.me/YOUR_CHANNEL"">القرآن الكريم</a> ✍️"
18,"وَمَا كَانَ اللَّهُ مُعَذِّبَهُمْ وَهُمْ يَسْتَغْفِرُونَ

<a href=""https://t.me/YOUR_CHANNEL"">القرآن الكريم</a> ✍️"
19,"إِنَّ مَعِيَ رَبِّي سَيَهْدِينِ

<a href=""https://t.me/YOUR_CHANNEL"">القرآن الكريم</a> ✍️"
20,"ادْعُونِي أَسْتَجِبْ لَكُمْ

<a href=""https://t.me/YOUR_CHANNEL"">القرآن الكريم</a> ✍️"
21,"احْفَظِ اللَّهَ يَحْفَظْكَ، احْفَظِ اللَّهَ تَجِدْهُ تُجَاهَكَ.

<a href=""https://t.me/YOUR_CHANNEL"">الرسول صلى الله عليه وسلم</a> ✍️"
22,"عَجَبًا لأَمْرِ الْمُؤْمِنِ، إِنَّ أَمْرَهُ كُلَّهُ خَيْرٌ.

<a href=""https://t.me/YOUR_CHANNEL"">الرسول صلى الله عليه وسلم</a> ✍️"
23,"تَبَسُّمُكَ فِي وَجْهِ أَخِيكَ صَدَقَةٌ.

<a href=""https://t.me/YOUR_CHANNEL"">الرسول صلى الله عليه وسلم</a> ✍️"
24,"مَنْ كَانَ يُؤْمِنُ بِاللَّهِ وَالْيَوْمِ الآخِرِ فَلْيَقُلْ خَيْرًا أَوْ لِيَصْمُتْ.

<a href=""https://t.me/YOUR_CHANNEL"">الرسول صلى الله عليه وسلم</a> ✍️"
25,"إِنَّمَا الأَعْمَالُ بِالنِّيَّاتِ، وَإِنَّمَا لِكُلِّ امْرِئٍ مَا نَوَى.

<a href=""https://t.me/YOUR_CHANNEL"">الرسول صلى الله عليه وسلم</a> ✍️"
26,"الْمُؤْمِنُ الْقَوِيُّ خَيْرٌ وَأَحَبُّ إِلَى اللَّهِ مِنَ الْمُؤْمِنِ الضَّعِيفِ.

<a href=""https://t.me/YOUR_CHANNEL"">الرسول صلى الله عليه وسلم</a> ✍️"
27,"مَنْ سَلَكَ طَرِيقًا يَلْتَمِسُ فِيهِ عِلْمًا سَهَّلَ اللَّهُ لَهُ بِهِ طَرِيقًا إِلَى الْجَنَّةِ.

<a href=""https://t.me/YOUR_CHANNEL"">الرسول صلى الله عليه وسلم</a> ✍️"
28,"اتَّقِ اللَّهَ حَيْثُمَا كُنْتَ، وَأَتْبِعِ السَّيِّئَةَ الْحَسَنَةَ تَمْحُهَا.

<a href=""https://t.me/YOUR_CHANNEL"">الرسول صلى الله عليه وسلم</a> ✍️"
29,"يَسِّرُوا وَلا تُعَسِّرُوا، وَبَشِّرُوا وَلا تُنَفِّرُوا.

<a href=""https://t.me/YOUR_CHANNEL"">الرسول صلى الله عليه وسلم</a> ✍️"
30,"الدُّعَاءُ هُوَ الْعِبَادَةُ.

<a href=""https://t.me/YOUR_CHANNEL"">الرسول صلى الله عليه وسلم</a> ✍️"
31,"مَنْ لَا يَرْحَمِ النَّاسَ لَا يَرْحَمْهُ اللَّهُ.

<a href=""https://t.me/YOUR_CHANNEL"">الرسول صلى الله عليه وسلم</a> ✍️"
32,"طُوبَى لِمَنْ وَجَدَ فِي صَحِيفَتِهِ اسْتِغْفَارًا كَثِيرًا.

<a href=""https://t.me/YOUR_CHANNEL"">الرسول صلى الله عليه وسلم</a> ✍️"
33,"أَقْرَبُ مَا يَكُونُ الْعَبْدُ مِنْ رَبِّهِ وَهُوَ سَاجِدٌ، فَأَكْثِرُوا الدُّعَاءَ.

<a href=""https://t.me/YOUR_CHANNEL"">الرسول صلى الله عليه وسلم</a> ✍️"
34,"الْبِرُّ حُسْنُ الْخُلُقِ.

<a href=""https://t.me/YOUR_CHANNEL"">الرسول صلى الله عليه وسلم</a> ✍️"
35,"كَلِمَتَانِ خَفِيفَتَانِ عَلَى اللِّسَانِ، ثَقِيلَتَانِ فِي الْمِيزَانِ: سُبْحَانَ اللَّهِ وَبِحَمْدِهِ، سُبْحَانَ اللَّهِ الْعَظِيمِ.

<a href=""https://t.me/YOUR_CHANNEL"">الرسول صلى الله عليه وسلم</a> ✍️"
36,"احرص على الموت توهب لك الحياة.

<a href=""https://t.me/YOUR_CHANNEL"">أبو بكر الصديق</a> ✍️"
37,"إذا استشرت فاصدق الحديث تُصْدَق النصح.

<a href=""https://t.me/YOUR_CHANNEL"">أبو بكر الصديق</a> ✍️"
38,"أكيس الكيس التقوى، وأحمق الأحمق الفجور.

<a href=""https://t.me/YOUR_CHANNEL"">أبو بكر الصديق</a> ✍️"
39,"إن الله يرى منكم ما لا ترون من أنفسكم.

<a href=""https://t.me/YOUR_CHANNEL"">أبو بكر الصديق</a> ✍️"
40,"اصبروا فإن الصبر كرم، والعافية غنيمة.

<a href=""https://t.me/YOUR_CHANNEL"">أبو بكر الصديق</a> ✍️"
41,"حاسبوا أنفسكم قبل أن تحاسبوا، وزنوها قبل أن توزونوا.

<a href=""https://t.me/YOUR_CHANNEL"">عمر بن الخطاب</a> ✍️"
42,"عليك بالصدق وإن قتلك الصدق.

<a href=""https://t.me/YOUR_CHANNEL"">عمر بن الخطاب</a> ✍️"
43,"نحن قوم أصلحنا الله بالإسلام، فمهما ابتغينا العزة في غيره أذلنا الله.

<a href=""https://t.me/YOUR_CHANNEL"">عمر بن الخطاب</a> ✍️"
44,"لا تعتمد على خلق رجل حتى تجرّبه عند الغضب.

<a href=""https://t.me/YOUR_CHANNEL"">عمر بن الخطاب</a> ✍️"
45,"وجدنا أطيب عيشنا بالصبر.

<a href=""https://t.me/YOUR_CHANNEL"">عمر بن الخطاب</a> ✍️"
46,"من كثر كلامه كثر سقطه، ومن كثر سقطه قل حياؤه.

<a href=""https://t.me/YOUR_CHANNEL"">عمر بن الخطاب</a> ✍️"
47,"تعلّموا العلم، وتعلّموا للعلم السكينة والوقار.

<a href=""https://t.me/YOUR_CHANNEL"">عمر بن الخطاب</a> ✍️"
48,"لو طهرت قلوبكم ما شبعت من كلام ربكم.

<a href=""https://t.me/YOUR_CHANNEL"">عثمان بن عفان</a> ✍️"
49,"إن الله يزع بالسلطان ما لا يزع بالقرآن.

<a href=""https://t.me/YOUR_CHANNEL"">عثمان بن عفان</a> ✍️"
50,"لكل شيء آفة، وآفة العلم النسيان.

<a href=""https://t.me/YOUR_CHANNEL"">عثمان بن عفان</a> ✍️"
51,"الدنيا خضرة حلوة، قد حُببت إلى الناس.

<a href=""https://t.me/YOUR_CHANNEL"">عثمان بن عفان</a> ✍️"
52,"الناس نيام، فإذا ماتوا انتبهوا.

<a href=""https://t.me/YOUR_CHANNEL"">علي بن أبي طالب</a> ✍️"
53,"رضا الناس غاية لا تدرك، ورضا الله غاية لا تترك.

<a href=""https://t.me/YOUR_CHANNEL"">علي بن أبي طالب</a> ✍️"
54,"لا تكثر الهموم، فما قُدِّر لك سيكون.

<a href=""https://t.me/YOUR_CHANNEL"">علي بن أبي طالب</a> ✍️"
55,"من أصلح ما بينه وبين الله، أصلح الله ما بينه وبين الناس.

<a href=""https://t.me/YOUR_CHANNEL"">علي بن أبي طالب</a> ✍️"
56,"كفى بقناعة المرء غنى، وبتقواه حسناً.

<a href=""https://t.me/YOUR_CHANNEL"">علي بن أبي طالب</a> ✍️"
57,"الصبر من الإيمان بمنزلة الرأس من الجسد.

<a href=""https://t.me/YOUR_CHANNEL"">علي بن أبي طالب</a> ✍️"
58,"من قلّ صدقه قلّ صديقه.

<a href=""https://t.me/YOUR_CHANNEL"">علي بن أبي طالب</a> ✍️"
59,"لا زهد كأخذ الحلال، ولا ورع كالوقوف عند الشبهات.

<a href=""https://t.me/YOUR_CHANNEL"">علي بن أبي طالب</a> ✍️"
60,"أعجز الناس من عجز عن اكتساب الإخوان، وأعجز منه من ضيع من ظفر به منهم.

<a href=""https://t.me/YOUR_CHANNEL"">علي بن أبي طالب</a> ✍️"
61,"يا ابن آدم، إنما أنت أيام، كلما ذهب يوم ذهب بعضك.

<a href=""https://t.me/YOUR_CHANNEL"">الحسن البصري</a> ✍️"
62,"من خاف الله خاف منه كل شيء، ومن خاف الناس خوفه الله من كل شيء.

<a href=""https://t.me/YOUR_CHANNEL"">الحسن البصري</a> ✍️"
63,"الدنيا كلها ظلام إلا مجالس العلماء.

<a href=""https://t.me/YOUR_CHANNEL"">الحسن البصري</a> ✍️"
64,"استكثروا من الأصدقاء المؤمنين فإن لهم شفاعة يوم القيامة.

<a href=""https://t.me/YOUR_CHANNEL"">الحسن البصري</a> ✍️"
65,"إن المؤمن أحسن الظن بربه فأحسن العمل، وإن المنافق أساء الظن بربه فأساء العمل.

<a href=""https://t.me/YOUR_CHANNEL"">الحسن البصري</a> ✍️"
66,"الزهد في الدنيا يريح القلب والبدن.

<a href=""https://t.me/YOUR_CHANNEL"">الحسن البصري</a> ✍️"
67,"من علم أن الموت موعده، والقيامة مجمعه، والوقوف بين يدي الله مشهده، فحريّ به أن يطيل حزنه.

<a href=""https://t.me/YOUR_CHANNEL"">الحسن البصري</a> ✍️"
68,"لا يزال العبد بخير ما كان له واعظ من نفسه.

<a href=""https://t.me/YOUR_CHANNEL"">الحسن البصري</a> ✍️"
69,"القلب يمرض كما يمرض البدن، وشفاؤه في التوبة والحمية.

<a href=""https://t.me/YOUR_CHANNEL"">ابن القيم</a> ✍️"
70,"من وطَّن قلبه عند ربه سكن واستراح، ومن أرسله في الناس اضطرب واشتد به القلق.

<a href=""https://t.me/YOUR_CHANNEL"">ابن القيم</a> ✍️"
71,"الدعاء من أنفع الأدوية، وهو عدو البلاء، يدقعه ويعالجه.

<a href=""https://t.me/YOUR_CHANNEL"">ابن القيم</a> ✍️"
72,"إضاعَةُ الوَقْتِ أشَدُّ مِنَ المَوْتِ؛ لأنَّ إضاعَةَ الوَقْتِ تَقْطَعُكَ عَنِ اللَّهِ وَالدّارِ الآخِرَةِ.

<a href=""https://t.me/YOUR_CHANNEL"">ابن القيم</a> ✍️"
73,"من عرف نفسه اشتغل بإصلاحها عن عيوب الناس.

<a href=""https://t.me/YOUR_CHANNEL"">ابن القيم</a> ✍️"
74,"للعبد بين يدي الله موقفان: موقف بين يديه في الصلاة، وموقف بين يديه يوم لقائه.

<a href=""https://t.me/YOUR_CHANNEL"">ابن القيم</a> ✍️"
75,"إذا أصبح العبد وأمسى وليس همه إلا الله وحده، حمل الله عنه حوائجه كلها.

<a href=""https://t.me/YOUR_CHANNEL"">ابن القيم</a> ✍️"
76,"ما أنعم الله على عبد بنعمة أعظم من أن هداه للإسلام.

<a href=""https://t.me/YOUR_CHANNEL"">ابن القيم</a> ✍️"
77,"الصبر الجميل هو الذي لا شكوى فيه إلى المخلوق.

<a href=""https://t.me/YOUR_CHANNEL"">ابن القيم</a> ✍️"
78,"الذوق السليم هو الذي يفرّق بين الحق والباطل بسهولة.

<a href=""https://t.me/YOUR_CHANNEL"">ابن القيم</a> ✍️"
79,"الذِكر للقلب مثل الماء للسمك، فكيف يكون حال السمك إذا أُخرج من الماء؟

<a href=""https://t.me/YOUR_CHANNEL"">ابن تيمية</a> ✍️"
80,"مَن أراد السعادة الأبدية فليلتزم عتبة العبودية.

<a href=""https://t.me/YOUR_CHANNEL"">ابن تيمية</a> ✍️"
81,"الإنصات إلى الحق خير من قوله بغير حق.

<a href=""https://t.me/YOUR_CHANNEL"">ابن تيمية</a> ✍️"
82,"ما يفعل أعدائي بي؟ أنا جنّتي وبستاني في صدري، أينما ذهبت فهي معي.

<a href=""https://t.me/YOUR_CHANNEL"">ابن تيمية</a> ✍️"
83,"إن في الدنيا جنة من لم يدخلها لم يدخل جنة الآخرة: هي معرفة الله ومحبته.

<a href=""https://t.me/YOUR_CHANNEL"">ابن تيمية</a> ✍️"
84,"الاستغفار يخرج العبد من الفعل المكروه إلى الفعل المحبوب.

<a href=""https://t.me/YOUR_CHANNEL"">ابن تيمية</a> ✍️"
85,"نعيب زماننا والعيب فينا، وما لزماننا عيب سوانا.

<a href=""https://t.me/YOUR_CHANNEL"">الإمام الشافعي</a> ✍️"
86,"إذا تخلى الناس عنك في الكرب، فاعلم أن الله يريد أن يتولى أمرك بنفسه.

<a href=""https://t.me/YOUR_CHANNEL"">الإمام الشافعي</a> ✍️"
87,"من لزم التقوى يستضاء بنوره، ومن حاد عنها خاب وخسر.

<a href=""https://t.me/YOUR_CHANNEL"">الإمام الشافعي</a> ✍️"
88,"سَهرَت أَعيُنٌ وَنامَت عُيونُ ... في أُمورٍ تَكونُ أَو لا تَكونُ.

<a href=""https://t.me/YOUR_CHANNEL"">الإمام الشافعي</a> ✍️"
89,"من ظن أنه يستغني عن العلم فقد ظلم نفسه.

<a href=""https://t.me/YOUR_CHANNEL"">الإمام الشافعي</a> ✍️"
90,"شكوت إلى وكيع سوء حفظي، فأرشدني إلى ترك المعاصي.

<a href=""https://t.me/YOUR_CHANNEL"">الإمام الشافعي</a> ✍️"
91,"عزود نفسك عن الدنايا، تعش حراً مقيماً في العلاء.

<a href=""https://t.me/YOUR_CHANNEL"">الإمام الشافعي</a> ✍️"
92,"عليك بالقلة من الدنيا تحبك الملاء.

<a href=""https://t.me/YOUR_CHANNEL"">سفيان الثوري</a> ✍️"
93,"ما عالجت شيئاً أشد عليّ من نيتي، لأنها تتقلب عليّ.

<a href=""https://t.me/YOUR_CHANNEL"">سفيان الثوري</a> ✍️"
94,"إذا أردت أن تعرف قدرك عند الله، فانظر فيما يقيمك.

<a href=""https://t.me/YOUR_CHANNEL"">سفيان الثوري</a> ✍️"
95,"المال في هذا الزمان سلاح المؤمن.

<a href=""https://t.me/YOUR_CHANNEL"">سفيان الثوري</a> ✍️"
96,"المؤمن يستر ويوجه، والفاجر يهتك ويعيّر.

<a href=""https://t.me/YOUR_CHANNEL"">الفضيل بن عياض</a> ✍️"
97,"ترك العمل من أجل الناس رياء، والعمل من أجل الناس شرك.

<a href=""https://t.me/YOUR_CHANNEL"">الفضيل بن عياض</a> ✍️"
98,"بقدر ما يصغر الذنب عندك يعظم عند الله.

<a href=""https://t.me/YOUR_CHANNEL"">الفضيل بن عياض</a> ✍️"
99,"ليس العاقل الذي يعرف الخير والشر، إنما العاقل الذي إذا رأى الخير اتبعه وإذا رأى الشر اجتنبه.

<a href=""https://t.me/YOUR_CHANNEL"">سفيان بن عيينة</a> ✍️"
100,"السكوت عن الحديث في غير موضعه حكمة.

<a href=""https://t.me/YOUR_CHANNEL"">سفيان بن عيينة</a> ✍️"
101,"معالم الهدى في كتاب الله، فمن أراد العلم فليثوّر القرآن.

<a href=""https://t.me/YOUR_CHANNEL"">عبد الله بن مسعود</a> ✍️"
102,"ما ندمت على شيء ندمي على يوم غربت شمسه نقص فيه أجلي ولم يزد فيه عملي.

<a href=""https://t.me/YOUR_CHANNEL"">عبد الله بن مسعود</a> ✍️"
103,"إنكم في إدبار من الليل والنهار، في آجال منقوصة، وأعمال محفوظة.

<a href=""https://t.me/YOUR_CHANNEL"">عبد الله بن مسعود</a> ✍️"
104,"كونوا ينابيع العلم، مصابيح الهدى، أحلاس البيوت، جُدد القلوب.

<a href=""https://t.me/YOUR_CHANNEL"">عبد الله بن مسعود</a> ✍️"
105,"ادع الله في يوم سرائك، يستجب لك في يوم ضرائك.

<a href=""https://t.me/YOUR_CHANNEL"">أبو الدرداء</a> ✍️"
106,"نعم الصومعة البيت، يكفّ المرء فيه لسانه وبصره.

<a href=""https://t.me/YOUR_CHANNEL"">أبو الدرداء</a> ✍️"
107,"من أثر الدنيا على الآخرة فلا دنيا أصاب ولا آخرة أدرك.

<a href=""https://t.me/YOUR_CHANNEL"">أبو الدرداء</a> ✍️"
108,"من أصلح سريرته فاح عبير فضله، وابتسمت القلوب إليه.

<a href=""https://t.me/YOUR_CHANNEL"">ابن الجوزي</a> ✍️"
109,"الدنيا دار سفر لا دار مقر، فاجعل التزود منها كفافاً.

<a href=""https://t.me/YOUR_CHANNEL"">ابن الجوزي</a> ✍️"
110,"عجباً لمن يبكي على موت بدنه، ولا يبكي على موت قلبه!

<a href=""https://t.me/YOUR_CHANNEL"">ابن الجوزي</a> ✍️"
111,"كتمان الأسرار من شيم الأبرار.

<a href=""https://t.me/YOUR_CHANNEL"">ابن الجوزي</a> ✍️"
112,"من أطاع هواه فقد أعطى عدوه سلاحه.

<a href=""https://t.me/YOUR_CHANNEL"">ابن الجوزي</a> ✍️"
113,"الغيبة هي الصاعقة التي تحرق الطاعات.

<a href=""https://t.me/YOUR_CHANNEL"">الإمام الغزالي</a> ✍️"
114,"من لم يحركه الربيع وأزهاره، والعود وأوتاره، فهو فاسد المزاج ليس له علاج.

<a href=""https://t.me/YOUR_CHANNEL"">الإمام الغزالي</a> ✍️"
115,"النية روح العمل، وبدونها يكون العمل جثة هامدة.

<a href=""https://t.me/YOUR_CHANNEL"">الإمام الغزالي</a> ✍️"
116,"الحكمة هي العلم الممزوج بالعمل.

<a href=""https://t.me/YOUR_CHANNEL"">الإمام الغزالي</a> ✍️"
117,"إن القلوب إذا لم تستنير بذكر الله أظلمت.

<a href=""https://t.me/YOUR_CHANNEL"">مالك بن دينار</a> ✍️"
118,"بقدر ما تحزن للدنيا يخرج همّ الآخرة من قلبك.

<a href=""https://t.me/YOUR_CHANNEL"">مالك بن دينار</a> ✍️"
119,"مساكين أهل الدنيا، خرجوا منها وما ذاقوا أطيب ما فيها: معرفة الله تعالى.

<a href=""https://t.me/YOUR_CHANNEL"">مالك بن دينار</a> ✍️"
120,"الدنيا خمر الشيطان، من سكر منها لا يفيق إلا في عسكر الموتى.

<a href=""https://t.me/YOUR_CHANNEL"">يحيى بن معاذ</a> ✍️"
121,"القلب كالمرجل يغلي بما فيه، وألسنتهم غرافها.

<a href=""https://t.me/YOUR_CHANNEL"">يحيى بن معاذ</a> ✍️"
122,"على قدر حبك لله يحبك الخلق.

<a href=""https://t.me/YOUR_CHANNEL"">يحيى بن معاذ</a> ✍️"
123,"من جعل دينه عرضة للخصومات أكثر التنقل.

<a href=""https://t.me/YOUR_CHANNEL"">عمر بن عبد العزيز</a> ✍️"
124,"أصلحوا سرايركم تصلح علانيتكم، واعملوا لآخرتكم تكفوا أمر دنياكم.

<a href=""https://t.me/YOUR_CHANNEL"">عمر بن عبد العزيز</a> ✍️"
125,"إن الليل والنهار يعملان فيك، فاعمل فيهما.

<a href=""https://t.me/YOUR_CHANNEL"">عمر بن عبد العزيز</a> ✍️"
126,"أفضل العبادة أداء الفرائض واجتناب المحارم.

<a href=""https://t.me/YOUR_CHANNEL"">عمر بن عبد العزيز</a> ✍️"
127,"ما نفع القلب شيء مثل عزلة يدخل بها ميدان فكرة.

<a href=""https://t.me/YOUR_CHANNEL"">ابن عطاء الله السكندري</a> ✍️"
128,"ربما أعطاك فمنعك، وربما منعك فأعطاك.

<a href=""https://t.me/YOUR_CHANNEL"">ابن عطاء الله السكندري</a> ✍️"
129,"معصية أورثت ذلاً وافتقاراً خير من طاعة أورثت عزاً واستكباراً.

<a href=""https://t.me/YOUR_CHANNEL"">ابن عطاء الله السكندري</a> ✍️"
130,"لا تصحب من لا ينهضك حاله، ولا يدلك على الله مقاله.

<a href=""https://t.me/YOUR_CHANNEL"">ابن عطاء الله السكندري</a> ✍️"
131,"إنما هو طعام دون طعام، ولباس دون لباس، وإنها أيام قلائل.

<a href=""https://t.me/YOUR_CHANNEL"">الإمام أحمد بن حنبل</a> ✍️"
132,"الناس إلى العلم أحوج منهم إلى الطعام والشراب.

<a href=""https://t.me/YOUR_CHANNEL"">الإمام أحمد بن حنبل</a> ✍️"
133,"عزيز عليّ أن تبكيك عين ولم ترَك.

<a href=""https://t.me/YOUR_CHANNEL"">الإمام أحمد بن حنبل</a> ✍️"
134,"السنة سفينة نوح، من ركبها نجا، ومن تخلف عنها غرق.

<a href=""https://t.me/YOUR_CHANNEL"">الإمام مالك</a> ✍️"
135,"لن يصلح آخر هذه الأمة إلا بماصلح به أولها.

<a href=""https://t.me/YOUR_CHANNEL"">الإمام مالك</a> ✍️"
136,"العلم نور يضعه الله في قلب من يشاء، ليس بكثرة الرواية.

<a href=""https://t.me/YOUR_CHANNEL"">الإمام مالك</a> ✍️"
137,"من تعطر بذكر الله لم تفح منه إلا أطيب الرائحة.

<a href=""https://t.me/YOUR_CHANNEL"">ابن رجب الحنبلي</a> ✍️"
138,"خاتمة السوء تكون بسبب سريرة سيئة للعبد لا يطلع عليها الناس.

<a href=""https://t.me/YOUR_CHANNEL"">ابن رجب الحنبلي</a> ✍️"
139,"العلم النافع هو ما باشر القلوب فأوجب لها الخشية والانقياد.

<a href=""https://t.me/YOUR_CHANNEL"">ابن رجب الحنبلي</a> ✍️"
140,"رب عمل صغير تعظمه النية، ورب عمل كبير تصغره النية.

<a href=""https://t.me/YOUR_CHANNEL"">عبد الله بن المبارك</a> ✍️"
141,"لا أعلم بعد النبوة درجة أفضل من بث العلم.

<a href=""https://t.me/YOUR_CHANNEL"">عبد الله بن المبارك</a> ✍️"
142,"من أعظم المصائب أن يعرف الإنسان عيب نفسه ثم لا يصلحه.

<a href=""https://t.me/YOUR_CHANNEL"">عبد الله بن المبارك</a> ✍️"
143,"الشريعة كلها مصالح: إما تدرأ مفاسد أو تجلب منافع.

<a href=""https://t.me/YOUR_CHANNEL"">الشاطبي</a> ✍️"
144,"من آثر الله على غيره آثره الله بالفضل والكرم.

<a href=""https://t.me/YOUR_CHANNEL"">العز بن عبد السلام</a> ✍️"
145,"البدايات المشرقة تكفل النهايات المشرقة.

<a href=""https://t.me/YOUR_CHANNEL"">النووي</a> ✍️"
146,"من اشتغل بالحديث النبوي صفت سريرته ورقت كبدُه.

<a href=""https://t.me/YOUR_CHANNEL"">ابن حجر العسقلاني</a> ✍️"
147,"إذا أراد الله بعبد خيرا جعل له واعظا من قلبه يزجره.

<a href=""https://t.me/YOUR_CHANNEL"">محمد بن سيرين</a> ✍️"
148,"لا يتم نبل الرجل حتى يستوي عنده المدح والذم.

<a href=""https://t.me/YOUR_CHANNEL"">طاووس بن كيسان</a> ✍️"
149,"إن الخشية أن تخشى الله حتى تحول خشيته بينك وبين معصيتك.

<a href=""https://t.me/YOUR_CHANNEL"">سعيد بن جبير</a> ✍️"
150,"لا يتعلم العلم مستحي ولا مستكبر.

<a href=""https://t.me/YOUR_CHANNEL"">مجاهد بن جبر</a> ✍️"
151,"كل ما أشغلك عن الله فهو عليك شؤم.

<a href=""https://t.me/YOUR_CHANNEL"">سليمان الداراني</a> ✍️"
152,"إذا أراد الله بعبد خيرا فتح له باب العمل وأغلق عنه باب الجدل.

<a href=""https://t.me/YOUR_CHANNEL"">معروف الكرخي</a> ✍️"
153,"أطب مطعمك، ولا يضرك ألا تقوم الليل وتصوم النهار.

<a href=""https://t.me/YOUR_CHANNEL"">إبراهيم بن أدهم</a> ✍️"
154,"لو علم الملوك وأبناء الملوك ما نحن فيه من النعيم لجالدونا عليه بالسيوف.

<a href=""https://t.me/YOUR_CHANNEL"">إبراهيم بن أدهم</a> ✍️"
155,"من يتق الله يكن الله معه، ومن يكن الله معه فمعه الفئة التي لا تغلب.

<a href=""https://t.me/YOUR_CHANNEL"">قتادة بن دعامة</a> ✍️"
156,"لم يُعطَ العباد شيئاً أفضل من الصبر.

<a href=""https://t.me/YOUR_CHANNEL"">سفيان بن عيينة</a> ✍️"
157,"من صدق في ترك شهوة أذهب الله حرها من قلبه.

<a href=""https://t.me/YOUR_CHANNEL"">أبو سليمان الداراني</a> ✍️"
158,"إذا أقبل العبد بقلبه إلى الله، أقبل الله بقلوب المؤمنين إليه.

<a href=""https://t.me/YOUR_CHANNEL"">محمد بن واسع</a> ✍️"
159,"استعن على السير إلى الله بترك ما لا يعنيك.

<a href=""https://t.me/YOUR_CHANNEL"">أبو بكر الوراق</a> ✍️"
160,"ليكن حظ المؤمن منك ثلاثة: إن لم تنفعه فلا تضره، وإن لم تفرحه فلا تحزنه، وإن لم تمدحه فلا تذمه.

<a href=""https://t.me/YOUR_CHANNEL"">يحيى بن معاذ</a> ✍️"
161,"من قدر أنه يسلم من طعن الناس وعيبهم فهو مجنون.

<a href=""https://t.me/YOUR_CHANNEL"">ابن حزم الأندلسي</a> ✍️"
162,"لا أملح من أمل يتجدد كل يوم في طاعة الله.

<a href=""https://t.me/YOUR_CHANNEL"">ابن حزم الأندلسي</a> ✍️"
163,"الصبر على الطاعة أيسر من الصبر على العذاب.

<a href=""https://t.me/YOUR_CHANNEL"">ابن الجوزي</a> ✍️"
164,"يا متعب الجسد في جمع الدنيا، إن الموت يأخذك بغتة.

<a href=""https://t.me/YOUR_CHANNEL"">ابن الجوزي</a> ✍️"
165,"علو الهمة ألا ترضى لنفسك بدون الجنة.

<a href=""https://t.me/YOUR_CHANNEL"">ابن القيم</a> ✍️"
166,"الدنيا جيفة، والراغبون فيها كلابها، والزاهدون فيها ملوكها.

<a href=""https://t.me/YOUR_CHANNEL"">ابن القيم</a> ✍️"
167,"الصدق يهديك إلى البر، والبر يهديك إلى الجنة.

<a href=""https://t.me/YOUR_CHANNEL"">ابن القيم</a> ✍️"
168,"عذاب القبر من معاصي اللسان، ونعيمه من ذكر الرحمن.

<a href=""https://t.me/YOUR_CHANNEL"">ابن القيم</a> ✍️"
169,"هانوا عليه فعصوه، ولو عزوا عليه لعصمهم.

<a href=""https://t.me/YOUR_CHANNEL"">الحسن البصري</a> ✍️"
170,"تفقّد الحلاوة في ثلاثة أشياء: في الصلاة، وفي الذكر، وفي قراءة القرآن.

<a href=""https://t.me/YOUR_CHANNEL"">الحسن البصري</a> ✍️"
171,"إن المؤمن يساءل نفسه: ماذا أردت بكلمتي؟ ماذا أردت بأكلتي؟

<a href=""https://t.me/YOUR_CHANNEL"">الحسن البصري</a> ✍️"
172,"الجمال ليس بأثواب تزيننا، إن الجمال جمال العلم والأدب.

<a href=""https://t.me/YOUR_CHANNEL"">علي بن أبي طالب</a> ✍️"
173,"لا يستوي من يعمل بالحق ومن يعمل بالباطل.

<a href=""https://t.me/YOUR_CHANNEL"">علي بن أبي طالب</a> ✍️"
174,"إذا سمعت كلمة تؤذيك فطأطئ لها حتى تتخطاك.

<a href=""https://t.me/YOUR_CHANNEL"">عمر بن الخطاب</a> ✍️"
175,"لا ينفعك الحق إلا إذا ثبت عليه.

<a href=""https://t.me/YOUR_CHANNEL"">عمر بن الخطاب</a> ✍️"
176,"وَاصْبِرْ لِحُكْمِ رَبِّكَ فَإِنَّكَ بِأَعْيُنِنَا

<a href=""https://t.me/YOUR_CHANNEL"">القرآن الكريم</a> ✍️"
177,"فَإِنَّ مَعَ الْعُسْرِ يُسْرًا ۝ إِنَّ مَعَ الْعُسْرِ يُسْرًا

<a href=""https://t.me/YOUR_CHANNEL"">القرآن الكريم</a> ✍️"
178,"وَمَن يَتَّقِ اللَّهَ يَجْعَل لَّهُ مَخْرَجًا ۝ وَيَرْزُقْهُ مِنْ حَيْثُ لَا يَحْتَسِبُ

<a href=""https://t.me/YOUR_CHANNEL"">القرآن الكريم</a> ✍️"
179,"أَلَا بِذِكْرِ اللَّهِ تَطْمَئِنُّ الْقُلُوبُ

<a href=""https://t.me/YOUR_CHANNEL"">القرآن الكريم</a> ✍️"
180,"قُل يَا عِبَادِيَ الَّذِينَ أَسْرَفُوا عَلَى أَنفُسِهِمْ لَا تَقْنَطُوا مِن رَّحْمَةِ اللَّهِ

<a href=""https://t.me/YOUR_CHANNEL"">القرآن الكريم</a> ✍️"
181,"وَإِذَا سَأَلَكَ عِبَادِي عَنِّي فَإِنِّي قَرِيبٌ أُجِيبُ دَعْوَةَ الدَّاعِ إِذَا دَعَانِ

<a href=""https://t.me/YOUR_CHANNEL"">القرآن الكريم</a> ✍️"
182,"لَا تُدْرِكُهُ الْأَبْصَارُ وَهُوَ يُدْرِكُ الْأَبْصَارَ وَهُوَ اللَّطِيفُ الْخَبِيرُ

<a href=""https://t.me/YOUR_CHANNEL"">القرآن الكريم</a> ✍️"
183,"وَتَوَكَّلْ عَلَى الْحَيِّ الَّذِي لَا يَمُوتُ

<a href=""https://t.me/YOUR_CHANNEL"">القرآن الكريم</a> ✍️"
184,"وَعَسَى أَن تَكْرَهُوا شَيْئًا وَهُوَ خَيْرٌ لَّكُمْ

<a href=""https://t.me/YOUR_CHANNEL"">القرآن الكريم</a> ✍️"
185,"إِنَّ اللَّهَ مَعَ الصَّابِرِينَ

<a href=""https://t.me/YOUR_CHANNEL"">القرآن الكريم</a> ✍️"
186,"وَالذَّاكِرِينَ اللَّهَ كَثِيرًا وَالذَّاكِرَاتِ أَعَدَّ اللَّهُ لَهُم مَّغْفِرَةً وَأَجْرًا عَظِيمًا

<a href=""https://t.me/YOUR_CHANNEL"">القرآن الكريم</a> ✍️"
187,"وَهُوَ مَعَكُمْ أَيْنَ مَا كُنتُمْ

<a href=""https://t.me/YOUR_CHANNEL"">القرآن الكريم</a> ✍️"
188,"مَا وَدَّعَكَ رَبُّكَ وَمَا قَلَى

<a href=""https://t.me/YOUR_CHANNEL"">القرآن الكريم</a> ✍️"
189,"وَلَسَوْفَ يُعْطِيكَ رَبُّكَ فَتَرْضَى

<a href=""https://t.me/YOUR_CHANNEL"">القرآن الكريم</a> ✍️"
190,"إِنَّ رَبِّي لَطِيفٌ لِّمَا يَشَاءُ إِنَّهُ هُوَ الْعَلِيمُ الْحَكِيمُ

<a href=""https://t.me/YOUR_CHANNEL"">القرآن الكريم</a> ✍️"
191,"فَبِمَا رَحْمَةٍ مِّنَ اللَّهِ لِنتَ لَهُمْ

<a href=""https://t.me/YOUR_CHANNEL"">القرآن الكريم</a> ✍️"
192,"وَقُل رَّبِّ زِدْنِي عِلْمًا

<a href=""https://t.me/YOUR_CHANNEL"">القرآن الكريم</a> ✍️"
193,"وَمَا كَانَ اللَّهُ مُعَذِّبَهُمْ وَهُمْ يَسْتَغْفِرُونَ

<a href=""https://t.me/YOUR_CHANNEL"">القرآن الكريم</a> ✍️"
194,"إِنَّ مَعِيَ رَبِّي سَيَهْدِينِ

<a href=""https://t.me/YOUR_CHANNEL"">القرآن الكريم</a> ✍️"
195,"ادْعُونِي أَسْتَجِبْ لَكُمْ

<a href=""https://t.me/YOUR_CHANNEL"">القرآن الكريم</a> ✍️"
196,"احْفَظِ اللَّهَ يَحْفَظْكَ، احْفَظِ اللَّهَ تَجِدْهُ تُجَاهَكَ.

<a href=""https://t.me/YOUR_CHANNEL"">الرسول صلى الله عليه وسلم</a> ✍️"
197,"عَجَبًا لأَمْرِ الْمُؤْمِنِ، إِنَّ أَمْرَهُ كُلَّهُ خَيْرٌ.

<a href=""https://t.me/YOUR_CHANNEL"">الرسول صلى الله عليه وسلم</a> ✍️"
198,"تَبَسُّمُكَ فِي وَجْهِ أَخِيكَ صَدَقَةٌ.

<a href=""https://t.me/YOUR_CHANNEL"">الرسول صلى الله عليه وسلم</a> ✍️"
199,"مَنْ كَانَ يُؤْمِنُ بِاللَّهِ وَالْيَوْمِ الآخِرِ فَلْيَقُلْ خَيْرًا أَوْ لِيَصْمُتْ.

<a href=""https://t.me/YOUR_CHANNEL"">الرسول صلى الله عليه وسلم</a> ✍️"
200,"إِنَّمَا الأَعْمَالُ بِالنِّيَّاتِ، وَإِنَّمَا لِكُلِّ امْرِئٍ مَا نَوَى.

<a href=""https://t.me/YOUR_CHANNEL"">الرسول صلى الله عليه وسلم</a> ✍️"
201,"الْمُؤْمِنُ الْقَوِيُّ خَيْرٌ وَأَحَبُّ إِلَى اللَّهِ مِنَ الْمُؤْمِنِ الضَّعِيفِ.

<a href=""https://t.me/YOUR_CHANNEL"">الرسول صلى الله عليه وسلم</a> ✍️"
202,"مَنْ سَلَكَ طَرِيقًا يَلْتَمِسُ فِيهِ عِلْمًا سَهَّلَ اللَّهُ لَهُ بِهِ طَرِيقًا إِلَى الْجَنَّةِ.

<a href=""https://t.me/YOUR_CHANNEL"">الرسول صلى الله عليه وسلم</a> ✍️"
203,"اتَّقِ اللَّهَ حَيْثُمَا كُنْتَ، وَأَتْبِعِ السَّيِّئَةَ الْحَسَنَةَ تَمْحُهَا.

<a href=""https://t.me/YOUR_CHANNEL"">الرسول صلى الله عليه وسلم</a> ✍️"
204,"يَسِّرُوا وَلا تُعَسِّرُوا، وَبَشِّرُوا وَلا تُنَفِّرُوا.

<a href=""https://t.me/YOUR_CHANNEL"">الرسول صلى الله عليه وسلم</a> ✍️"
205,"الدُّعَاءُ هُوَ الْعِبَادَةُ.

<a href=""https://t.me/YOUR_CHANNEL"">الرسول صلى الله عليه وسلم</a> ✍️"
206,"مَنْ لَا يَرْحَمِ النَّاسَ لَا يَرْحَمْهُ اللَّهُ.

<a href=""https://t.me/YOUR_CHANNEL"">الرسول صلى الله عليه وسلم</a> ✍️"
207,"طُوبَى لِمَنْ وَجَدَ فِي صَحِيفَتِهِ اسْتِغْفَارًا كَثِيرًا.

<a href=""https://t.me/YOUR_CHANNEL"">الرسول صلى الله عليه وسلم</a> ✍️"
208,"أَقْرَبُ مَا يَكُونُ الْعَبْدُ مِنْ رَبِّهِ وَهُوَ سَاجِدٌ، فَأَكْثِرُوا الدُّعَاءَ.

<a href=""https://t.me/YOUR_CHANNEL"">الرسول صلى الله عليه وسلم</a> ✍️"
209,"الْبِرُّ حُسْنُ الْخُلُقِ.

<a href=""https://t.me/YOUR_CHANNEL"">الرسول صلى الله عليه وسلم</a> ✍️"
210,"كَلِمَتَانِ خَفِيفَتَانِ عَلَى اللِّسَانِ، ثَقِيلَتَانِ فِي الْمِيزَانِ: سُبْحَانَ اللَّهِ وَبِحَمْدِهِ، سُبْحَانَ اللَّهِ الْعَظِيمِ.

<a href=""https://t.me/YOUR_CHANNEL"">الرسول صلى الله عليه وسلم</a> ✍️"
211,"احرص على الموت توهب لك الحياة.

<a href=""https://t.me/YOUR_CHANNEL"">أبو بكر الصديق</a> ✍️"
212,"إذا استشرت فاصدق الحديث تُصْدَق النصح.

<a href=""https://t.me/YOUR_CHANNEL"">أبو بكر الصديق</a> ✍️"
213,"أكيس الكيس التقوى، وأحمق الأحمق الفجور.

<a href=""https://t.me/YOUR_CHANNEL"">أبو بكر الصديق</a> ✍️"
214,"إن الله يرى منكم ما لا ترون من أنفسكم.

<a href=""https://t.me/YOUR_CHANNEL"">أبو بكر الصديق</a> ✍️"
215,"اصبروا فإن الصبر كرم، والعافية غنيمة.

<a href=""https://t.me/YOUR_CHANNEL"">أبو بكر الصديق</a> ✍️"
216,"حاسبوا أنفسكم قبل أن تحاسبوا، وزنوها قبل أن توزونوا.

<a href=""https://t.me/YOUR_CHANNEL"">عمر بن الخطاب</a> ✍️"
217,"عليك بالصدق وإن قتلك الصدق.

<a href=""https://t.me/YOUR_CHANNEL"">عمر بن الخطاب</a> ✍️"
218,"نحن قوم أصلحنا الله بالإسلام، فمهما ابتغينا العزة في غيره أذلنا الله.

<a href=""https://t.me/YOUR_CHANNEL"">عمر بن الخطاب</a> ✍️"
219,"لا تعتمد على خلق رجل حتى تجرّبه عند الغضب.

<a href=""https://t.me/YOUR_CHANNEL"">عمر بن الخطاب</a> ✍️"
220,"وجدنا أطيب عيشنا بالصبر.

<a href=""https://t.me/YOUR_CHANNEL"">عمر بن الخطاب</a> ✍️"
221,"من كثر كلامه كثر سقطه، ومن كثر سقطه قل حياؤه.

<a href=""https://t.me/YOUR_CHANNEL"">عمر بن الخطاب</a> ✍️"
222,"تعلّموا العلم، وتعلّموا للعلم السكينة والوقار.

<a href=""https://t.me/YOUR_CHANNEL"">عمر بن الخطاب</a> ✍️"
223,"لو طهرت قلوبكم ما شبعت من كلام ربكم.

<a href=""https://t.me/YOUR_CHANNEL"">عثمان بن عفان</a> ✍️"
224,"إن الله يزع بالسلطان ما لا يزع بالقرآن.

<a href=""https://t.me/YOUR_CHANNEL"">عثمان بن عفان</a> ✍️"
225,"لكل شيء آفة، وآفة العلم النسيان.

<a href=""https://t.me/YOUR_CHANNEL"">عثمان بن عفان</a> ✍️"
226,"الدنيا خضرة حلوة، قد حُببت إلى الناس.

<a href=""https://t.me/YOUR_CHANNEL"">عثمان بن عفان</a> ✍️"
227,"الناس نيام، فإذا ماتوا انتبهوا.

<a href=""https://t.me/YOUR_CHANNEL"">علي بن أبي طالب</a> ✍️"
228,"رضا الناس غاية لا تدرك، ورضا الله غاية لا تترك.

<a href=""https://t.me/YOUR_CHANNEL"">علي بن أبي طالب</a> ✍️"
229,"لا تكثر الهموم، فما قُدِّر لك سيكون.

<a href=""https://t.me/YOUR_CHANNEL"">علي بن أبي طالب</a> ✍️"
230,"من أصلح ما بينه وبين الله، أصلح الله ما بينه وبين الناس.

<a href=""https://t.me/YOUR_CHANNEL"">علي بن أبي طالب</a> ✍️"
231,"كفى بقناعة المرء غنى، وبتقواه حسناً.

<a href=""https://t.me/YOUR_CHANNEL"">علي بن أبي طالب</a> ✍️"
232,"الصبر من الإيمان بمنزلة الرأس من الجسد.

<a href=""https://t.me/YOUR_CHANNEL"">علي بن أبي طالب</a> ✍️"
233,"من قلّ صدقه قلّ صديقه.

<a href=""https://t.me/YOUR_CHANNEL"">علي بن أبي طالب</a> ✍️"
234,"لا زهد كأخذ الحلال، ولا ورع كالوقوف عند الشبهات.

<a href=""https://t.me/YOUR_CHANNEL"">علي بن أبي طالب</a> ✍️"
235,"أعجز الناس من عجز عن اكتساب الإخوان، وأعجز منه من ضيع من ظفر به منهم.

<a href=""https://t.me/YOUR_CHANNEL"">علي بن أبي طالب</a> ✍️"
236,"يا ابن آدم، إنما أنت أيام، كلما ذهب يوم ذهب بعضك.

<a href=""https://t.me/YOUR_CHANNEL"">الحسن البصري</a> ✍️"
237,"من خاف الله خاف منه كل شيء، ومن خاف الناس خوفه الله من كل شيء.

<a href=""https://t.me/YOUR_CHANNEL"">الحسن البصري</a> ✍️"
238,"الدنيا كلها ظلام إلا مجالس العلماء.

<a href=""https://t.me/YOUR_CHANNEL"">الحسن البصري</a> ✍️"
239,"استكثروا من الأصدقاء المؤمنين فإن لهم شفاعة يوم القيامة.

<a href=""https://t.me/YOUR_CHANNEL"">الحسن البصري</a> ✍️"
240,"إن المؤمن أحسن الظن بربه فأحسن العمل، وإن المنافق أساء الظن بربه فأساء العمل.

<a href=""https://t.me/YOUR_CHANNEL"">الحسن البصري</a> ✍️"
241,"الزهد في الدنيا يريح القلب والبدن.

<a href=""https://t.me/YOUR_CHANNEL"">الحسن البصري</a> ✍️"
242,"من علم أن الموت موعده، والقيامة مجمعه، والوقوف بين يدي الله مشهده، فحريّ به أن يطيل حزنه.

<a href=""https://t.me/YOUR_CHANNEL"">الحسن البصري</a> ✍️"
243,"لا يزال العبد بخير ما كان له واعظ من نفسه.

<a href=""https://t.me/YOUR_CHANNEL"">الحسن البصري</a> ✍️"
244,"القلب يمرض كما يمرض البدن، وشفاؤه في التوبة والحمية.

<a href=""https://t.me/YOUR_CHANNEL"">ابن القيم</a> ✍️"
245,"من وطَّن قلبه عند ربه سكن واستراح، ومن أرسله في الناس اضطرب واشتد به القلق.

<a href=""https://t.me/YOUR_CHANNEL"">ابن القيم</a> ✍️"
246,"الدعاء من أنفع الأدوية، وهو عدو البلاء، يدقعه ويعالجه.

<a href=""https://t.me/YOUR_CHANNEL"">ابن القيم</a> ✍️"
247,"إضاعَةُ الوَقْتِ أشَدُّ مِنَ المَوْتِ؛ لأنَّ إضاعَةَ الوَقْتِ تَقْطَعُكَ عَنِ اللَّهِ وَالدّارِ الآخِرَةِ.

<a href=""https://t.me/YOUR_CHANNEL"">ابن القيم</a> ✍️"
248,"من عرف نفسه اشتغل بإصلاحها عن عيوب الناس.

<a href=""https://t.me/YOUR_CHANNEL"">ابن القيم</a> ✍️"
249,"للعبد بين يدي الله موقفان: موقف بين يديه في الصلاة، وموقف بين يديه يوم لقائه.

<a href=""https://t.me/YOUR_CHANNEL"">ابن القيم</a> ✍️"
250,"إذا أصبح العبد وأمسى وليس همه إلا الله وحده، حمل الله عنه حوائجه كلها.

<a href=""https://t.me/YOUR_CHANNEL"">ابن القيم</a> ✍️"
251,"ما أنعم الله على عبد بنعمة أعظم من أن هداه للإسلام.

<a href=""https://t.me/YOUR_CHANNEL"">ابن القيم</a> ✍️"
252,"الصبر الجميل هو الذي لا شكوى فيه إلى المخلوق.

<a href=""https://t.me/YOUR_CHANNEL"">ابن القيم</a> ✍️"
253,"الذوق السليم هو الذي يفرّق بين الحق والباطل بسهولة.

<a href=""https://t.me/YOUR_CHANNEL"">ابن القيم</a> ✍️"
254,"الذِكر للقلب مثل الماء للسمك، فكيف يكون حال السمك إذا أُخرج من الماء؟

<a href=""https://t.me/YOUR_CHANNEL"">ابن تيمية</a> ✍️"
255,"مَن أراد السعادة الأبدية فليلتزم عتبة العبودية.

<a href=""https://t.me/YOUR_CHANNEL"">ابن تيمية</a> ✍️"
256,"الإنصات إلى الحق خير من قوله بغير حق.

<a href=""https://t.me/YOUR_CHANNEL"">ابن تيمية</a> ✍️"
257,"ما يفعل أعدائي بي؟ أنا جنّتي وبستاني في صدري، أينما ذهبت فهي معي.

<a href=""https://t.me/YOUR_CHANNEL"">ابن تيمية</a> ✍️"
258,"إن في الدنيا جنة من لم يدخلها لم يدخل جنة الآخرة: هي معرفة الله ومحبته.

<a href=""https://t.me/YOUR_CHANNEL"">ابن تيمية</a> ✍️"
259,"الاستغفار يخرج العبد من الفعل المكروه إلى الفعل المحبوب.

<a href=""https://t.me/YOUR_CHANNEL"">ابن تيمية</a> ✍️"
260,"نعيب زماننا والعيب فينا، وما لزماننا عيب سوانا.

<a href=""https://t.me/YOUR_CHANNEL"">الإمام الشافعي</a> ✍️"
261,"إذا تخلى الناس عنك في الكرب، فاعلم أن الله يريد أن يتولى أمرك بنفسه.

<a href=""https://t.me/YOUR_CHANNEL"">الإمام الشافعي</a> ✍️"
262,"من لزم التقوى يستضاء بنوره، ومن حاد عنها خاب وخسر.

<a href=""https://t.me/YOUR_CHANNEL"">الإمام الشافعي</a> ✍️"
263,"سَهرَت أَعيُنٌ وَنامَت عُيونُ ... في أُمورٍ تَكونُ أَو لا تَكونُ.

<a href=""https://t.me/YOUR_CHANNEL"">الإمام الشافعي</a> ✍️"
264,"من ظن أنه يستغني عن العلم فقد ظلم نفسه.

<a href=""https://t.me/YOUR_CHANNEL"">الإمام الشافعي</a> ✍️"
265,"شكوت إلى وكيع سوء حفظي، فأرشدني إلى ترك المعاصي.

<a href=""https://t.me/YOUR_CHANNEL"">الإمام الشافعي</a> ✍️"
266,"عزود نفسك عن الدنايا، تعش حراً مقيماً في العلاء.

<a href=""https://t.me/YOUR_CHANNEL"">الإمام الشافعي</a> ✍️"
267,"عليك بالقلة من الدنيا تحبك الملاء.

<a href=""https://t.me/YOUR_CHANNEL"">سفيان الثوري</a> ✍️"
268,"ما عالجت شيئاً أشد عليّ من نيتي، لأنها تتقلب عليّ.

<a href=""https://t.me/YOUR_CHANNEL"">سفيان الثوري</a> ✍️"
269,"إذا أردت أن تعرف قدرك عند الله، فانظر فيما يقيمك.

<a href=""https://t.me/YOUR_CHANNEL"">سفيان الثوري</a> ✍️"
270,"المال في هذا الزمان سلاح المؤمن.

<a href=""https://t.me/YOUR_CHANNEL"">سفيان الثوري</a> ✍️"
271,"المؤمن يستر ويوجه، والفاجر يهتك ويعيّر.

<a href=""https://t.me/YOUR_CHANNEL"">الفضيل بن عياض</a> ✍️"
272,"ترك العمل من أجل الناس رياء، والعمل من أجل الناس شرك.

<a href=""https://t.me/YOUR_CHANNEL"">الفضيل بن عياض</a> ✍️"
273,"بقدر ما يصغر الذنب عندك يعظم عند الله.

<a href=""https://t.me/YOUR_CHANNEL"">الفضيل بن عياض</a> ✍️"
274,"ليس العاقل الذي يعرف الخير والشر، إنما العاقل الذي إذا رأى الخير اتبعه وإذا رأى الشر اجتنبه.

<a href=""https://t.me/YOUR_CHANNEL"">سفيان بن عيينة</a> ✍️"
275,"السكوت عن الحديث في غير موضعه حكمة.

<a href=""https://t.me/YOUR_CHANNEL"">سفيان بن عيينة</a> ✍️"
276,"معالم الهدى في كتاب الله، فمن أراد العلم فليثوّر القرآن.

<a href=""https://t.me/YOUR_CHANNEL"">عبد الله بن مسعود</a> ✍️"
277,"ما ندمت على شيء ندمي على يوم غربت شمسه نقص فيه أجلي ولم يزد فيه عملي.

<a href=""https://t.me/YOUR_CHANNEL"">عبد الله بن مسعود</a> ✍️"
278,"إنكم في إدبار من الليل والنهار، في آجال منقوصة، وأعمال محفوظة.

<a href=""https://t.me/YOUR_CHANNEL"">عبد الله بن مسعود</a> ✍️"
279,"كونوا ينابيع العلم، مصابيح الهدى، أحلاس البيوت، جُدد القلوب.

<a href=""https://t.me/YOUR_CHANNEL"">عبد الله بن مسعود</a> ✍️"
280,"ادع الله في يوم سرائك، يستجب لك في يوم ضرائك.

<a href=""https://t.me/YOUR_CHANNEL"">أبو الدرداء</a> ✍️"
281,"نعم الصومعة البيت، يكفّ المرء فيه لسانه وبصره.

<a href=""https://t.me/YOUR_CHANNEL"">أبو الدرداء</a> ✍️"
282,"من أثر الدنيا على الآخرة فلا دنيا أصاب ولا آخرة أدرك.

<a href=""https://t.me/YOUR_CHANNEL"">أبو الدرداء</a> ✍️"
283,"من أصلح سريرته فاح عبير فضله، وابتسمت القلوب إليه.

<a href=""https://t.me/YOUR_CHANNEL"">ابن الجوزي</a> ✍️"
284,"الدنيا دار سفر لا دار مقر، فاجعل التزود منها كفافاً.

<a href=""https://t.me/YOUR_CHANNEL"">ابن الجوزي</a> ✍️"
285,"عجباً لمن يبكي على موت بدنه، ولا يبكي على موت قلبه!

<a href=""https://t.me/YOUR_CHANNEL"">ابن الجوزي</a> ✍️"
286,"كتمان الأسرار من شيم الأبرار.

<a href=""https://t.me/YOUR_CHANNEL"">ابن الجوزي</a> ✍️"
287,"من أطاع هواه فقد أعطى عدوه سلاحه.

<a href=""https://t.me/YOUR_CHANNEL"">ابن الجوزي</a> ✍️"
288,"الغيبة هي الصاعقة التي تحرق الطاعات.

<a href=""https://t.me/YOUR_CHANNEL"">الإمام الغزالي</a> ✍️"
289,"من لم يحركه الربيع وأزهاره، والعود وأوتاره، فهو فاسد المزاج ليس له علاج.

<a href=""https://t.me/YOUR_CHANNEL"">الإمام الغزالي</a> ✍️"
290,"النية روح العمل، وبدونها يكون العمل جثة هامدة.

<a href=""https://t.me/YOUR_CHANNEL"">الإمام الغزالي</a> ✍️"
291,"الحكمة هي العلم الممزوج بالعمل.

<a href=""https://t.me/YOUR_CHANNEL"">الإمام الغزالي</a> ✍️"
292,"إن القلوب إذا لم تستنير بذكر الله أظلمت.

<a href=""https://t.me/YOUR_CHANNEL"">مالك بن دينار</a> ✍️"
293,"بقدر ما تحزن للدنيا يخرج همّ الآخرة من قلبك.

<a href=""https://t.me/YOUR_CHANNEL"">مالك بن دينار</a> ✍️"
294,"مساكين أهل الدنيا، خرجوا منها وما ذاقوا أطيب ما فيها: معرفة الله تعالى.

<a href=""https://t.me/YOUR_CHANNEL"">مالك بن دينار</a> ✍️"
295,"الدنيا خمر الشيطان، من سكر منها لا يفيق إلا في عسكر الموتى.

<a href=""https://t.me/YOUR_CHANNEL"">يحيى بن معاذ</a> ✍️"
296,"القلب كالمرجل يغلي بما فيه، وألسنتهم غرافها.

<a href=""https://t.me/YOUR_CHANNEL"">يحيى بن معاذ</a> ✍️"
297,"على قدر حبك لله يحبك الخلق.

<a href=""https://t.me/YOUR_CHANNEL"">يحيى بن معاذ</a> ✍️"
298,"من جعل دينه عرضة للخصومات أكثر التنقل.

<a href=""https://t.me/YOUR_CHANNEL"">عمر بن عبد العزيز</a> ✍️"
299,"أصلحوا سرايركم تصلح علانيتكم، واعملوا لآخرتكم تكفوا أمر دنياكم.

<a href=""https://t.me/YOUR_CHANNEL"">عمر بن عبد العزيز</a> ✍️"
300,"إن الليل والنهار يعملان فيك، فاعمل فيهما.

<a href=""https://t.me/YOUR_CHANNEL"">عمر بن عبد العزيز</a> ✍️"
301,"أفضل العبادة أداء الفرائض واجتناب المحارم.

<a href=""https://t.me/YOUR_CHANNEL"">عمر بن عبد العزيز</a> ✍️"
302,"ما نفع القلب شيء مثل عزلة يدخل بها ميدان فكرة.

<a href=""https://t.me/YOUR_CHANNEL"">ابن عطاء الله السكندري</a> ✍️"
303,"ربما أعطاك فمنعك، وربما منعك فأعطاك.

<a href=""https://t.me/YOUR_CHANNEL"">ابن عطاء الله السكندري</a> ✍️"
304,"معصية أورثت ذلاً وافتقاراً خير من طاعة أورثت عزاً واستكباراً.

<a href=""https://t.me/YOUR_CHANNEL"">ابن عطاء الله السكندري</a> ✍️"
305,"لا تصحب من لا ينهضك حاله، ولا يدلك على الله مقاله.

<a href=""https://t.me/YOUR_CHANNEL"">ابن عطاء الله السكندري</a> ✍️"
306,"إنما هو طعام دون طعام، ولباس دون لباس، وإنها أيام قلائل.

<a href=""https://t.me/YOUR_CHANNEL"">الإمام أحمد بن حنبل</a> ✍️"
307,"الناس إلى العلم أحوج منهم إلى الطعام والشراب.

<a href=""https://t.me/YOUR_CHANNEL"">الإمام أحمد بن حنبل</a> ✍️"
308,"عزيز عليّ أن تبكيك عين ولم ترَك.

<a href=""https://t.me/YOUR_CHANNEL"">الإمام أحمد بن حنبل</a> ✍️"
309,"السنة سفينة نوح، من ركبها نجا، ومن تخلف عنها غرق.

<a href=""https://t.me/YOUR_CHANNEL"">الإمام مالك</a> ✍️"
310,"لن يصلح آخر هذه الأمة إلا بماصلح به أولها.

<a href=""https://t.me/YOUR_CHANNEL"">الإمام مالك</a> ✍️"
311,"العلم نور يضعه الله في قلب من يشاء، ليس بكثرة الرواية.

<a href=""https://t.me/YOUR_CHANNEL"">الإمام مالك</a> ✍️"
312,"من تعطر بذكر الله لم تفح منه إلا أطيب الرائحة.

<a href=""https://t.me/YOUR_CHANNEL"">ابن رجب الحنبلي</a> ✍️"
313,"خاتمة السوء تكون بسبب سريرة سيئة للعبد لا يطلع عليها الناس.

<a href=""https://t.me/YOUR_CHANNEL"">ابن رجب الحنبلي</a> ✍️"
314,"العلم النافع هو ما باشر القلوب فأوجب لها الخشية والانقياد.

<a href=""https://t.me/YOUR_CHANNEL"">ابن رجب الحنبلي</a> ✍️"
315,"رب عمل صغير تعظمه النية، ورب عمل كبير تصغره النية.

<a href=""https://t.me/YOUR_CHANNEL"">عبد الله بن المبارك</a> ✍️"
316,"لا أعلم بعد النبوة درجة أفضل من بث العلم.

<a href=""https://t.me/YOUR_CHANNEL"">عبد الله بن المبارك</a> ✍️"
317,"من أعظم المصائب أن يعرف الإنسان عيب نفسه ثم لا يصلحه.

<a href=""https://t.me/YOUR_CHANNEL"">عبد الله بن المبارك</a> ✍️"
318,"الشريعة كلها مصالح: إما تدرأ مفاسد أو تجلب منافع.

<a href=""https://t.me/YOUR_CHANNEL"">الشاطبي</a> ✍️"
319,"من آثر الله على غيره آثره الله بالفضل والكرم.

<a href=""https://t.me/YOUR_CHANNEL"">العز بن عبد السلام</a> ✍️"
320,"البدايات المشرقة تكفل النهايات المشرقة.

<a href=""https://t.me/YOUR_CHANNEL"">النووي</a> ✍️"
321,"من اشتغل بالحديث النبوي صفت سريرته ورقت كبدُه.

<a href=""https://t.me/YOUR_CHANNEL"">ابن حجر العسقلاني</a> ✍️"
322,"إذا أراد الله بعبد خيرا جعل له واعظا من قلبه يزجره.

<a href=""https://t.me/YOUR_CHANNEL"">محمد بن سيرين</a> ✍️"
323,"لا يتم نبل الرجل حتى يستوي عنده المدح والذم.

<a href=""https://t.me/YOUR_CHANNEL"">طاووس بن كيسان</a> ✍️"
324,"إن الخشية أن تخشى الله حتى تحول خشيته بينك وبين معصيتك.

<a href=""https://t.me/YOUR_CHANNEL"">سعيد بن جبير</a> ✍️"
325,"لا يتعلم العلم مستحي ولا مستكبر.

<a href=""https://t.me/YOUR_CHANNEL"">مجاهد بن جبر</a> ✍️"
326,"كل ما أشغلك عن الله فهو عليك شؤم.

<a href=""https://t.me/YOUR_CHANNEL"">سليمان الداراني</a> ✍️"
327,"إذا أراد الله بعبد خيرا فتح له باب العمل وأغلق عنه باب الجدل.

<a href=""https://t.me/YOUR_CHANNEL"">معروف الكرخي</a> ✍️"
328,"أطب مطعمك، ولا يضرك ألا تقوم الليل وتصوم النهار.

<a href=""https://t.me/YOUR_CHANNEL"">إبراهيم بن أدهم</a> ✍️"
329,"لو علم الملوك وأبناء الملوك ما نحن فيه من النعيم لجالدونا عليه بالسيوف.

<a href=""https://t.me/YOUR_CHANNEL"">إبراهيم بن أدهم</a> ✍️"
330,"من يتق الله يكن الله معه، ومن يكن الله معه فمعه الفئة التي لا تغلب.

<a href=""https://t.me/YOUR_CHANNEL"">قتادة بن دعامة</a> ✍️"
331,"لم يُعطَ العباد شيئاً أفضل من الصبر.

<a href=""https://t.me/YOUR_CHANNEL"">سفيان بن عيينة</a> ✍️"
332,"من صدق في ترك شهوة أذهب الله حرها من قلبه.

<a href=""https://t.me/YOUR_CHANNEL"">أبو سليمان الداراني</a> ✍️"
333,"إذا أقبل العبد بقلبه إلى الله، أقبل الله بقلوب المؤمنين إليه.

<a href=""https://t.me/YOUR_CHANNEL"">محمد بن واسع</a> ✍️"
334,"استعن على السير إلى الله بترك ما لا يعنيك.

<a href=""https://t.me/YOUR_CHANNEL"">أبو بكر الوراق</a> ✍️"
335,"ليكن حظ المؤمن منك ثلاثة: إن لم تنفعه فلا تضره، وإن لم تفرحه فلا تحزنه، وإن لم تمدحه فلا تذمه.

<a href=""https://t.me/YOUR_CHANNEL"">يحيى بن معاذ</a> ✍️"
336,"من قدر أنه يسلم من طعن الناس وعيبهم فهو مجنون.

<a href=""https://t.me/YOUR_CHANNEL"">ابن حزم الأندلسي</a> ✍️"
337,"لا أملح من أمل يتجدد كل يوم في طاعة الله.

<a href=""https://t.me/YOUR_CHANNEL"">ابن حزم الأندلسي</a> ✍️"
338,"الصبر على الطاعة أيسر من الصبر على العذاب.

<a href=""https://t.me/YOUR_CHANNEL"">ابن الجوزي</a> ✍️"
339,"يا متعب الجسد في جمع الدنيا، إن الموت يأخذك بغتة.

<a href=""https://t.me/YOUR_CHANNEL"">ابن الجوزي</a> ✍️"
340,"علو الهمة ألا ترضى لنفسك بدون الجنة.

<a href=""https://t.me/YOUR_CHANNEL"">ابن القيم</a> ✍️"
341,"الدنيا جيفة، والراغبون فيها كلابها، والزاهدون فيها ملوكها.

<a href=""https://t.me/YOUR_CHANNEL"">ابن القيم</a> ✍️"
342,"الصدق يهديك إلى البر، والبر يهديك إلى الجنة.

<a href=""https://t.me/YOUR_CHANNEL"">ابن القيم</a> ✍️"
343,"عذاب القبر من معاصي اللسان، ونعيمه من ذكر الرحمن.

<a href=""https://t.me/YOUR_CHANNEL"">ابن القيم</a> ✍️"
344,"هانوا عليه فعصوه، ولو عزوا عليه لعصمهم.

<a href=""https://t.me/YOUR_CHANNEL"">الحسن البصري</a> ✍️"
345,"تفقّد الحلاوة في ثلاثة أشياء: في الصلاة، وفي الذكر، وفي قراءة القرآن.

<a href=""https://t.me/YOUR_CHANNEL"">الحسن البصري</a> ✍️"
346,"إن المؤمن يساءل نفسه: ماذا أردت بكلمتي؟ ماذا أردت بأكلتي؟

<a href=""https://t.me/YOUR_CHANNEL"">الحسن البصري</a> ✍️"
347,"الجمال ليس بأثواب تزيننا، إن الجمال جمال العلم والأدب.

<a href=""https://t.me/YOUR_CHANNEL"">علي بن أبي طالب</a> ✍️"
348,"لا يستوي من يعمل بالحق ومن يعمل بالباطل.

<a href=""https://t.me/YOUR_CHANNEL"">علي بن أبي طالب</a> ✍️"
349,"إذا سمعت كلمة تؤذيك فطأطئ لها حتى تتخطاك.

<a href=""https://t.me/YOUR_CHANNEL"">عمر بن الخطاب</a> ✍️"
350,"لا ينفعك الحق إلا إذا ثبت عليه.

<a href=""https://t.me/YOUR_CHANNEL"">عمر بن الخطاب</a> ✍️"
351,"وَاصْبِرْ لِحُكْمِ رَبِّكَ فَإِنَّكَ بِأَعْيُنِنَا

<a href=""https://t.me/YOUR_CHANNEL"">القرآن الكريم</a> ✍️"
352,"فَإِنَّ مَعَ الْعُسْرِ يُسْرًا ۝ إِنَّ مَعَ الْعُسْرِ يُسْرًا

<a href=""https://t.me/YOUR_CHANNEL"">القرآن الكريم</a> ✍️"
353,"وَمَن يَتَّقِ اللَّهَ يَجْعَل لَّهُ مَخْرَجًا ۝ وَيَرْزُقْهُ مِنْ حَيْثُ لَا يَحْتَسِبُ

<a href=""https://t.me/YOUR_CHANNEL"">القرآن الكريم</a> ✍️"
354,"أَلَا بِذِكْرِ اللَّهِ تَطْمَئِنُّ الْقُلُوبُ

<a href=""https://t.me/YOUR_CHANNEL"">القرآن الكريم</a> ✍️"
355,"قُل يَا عِبَادِيَ الَّذِينَ أَسْرَفُوا عَلَى أَنفُسِهِمْ لَا تَقْنَطُوا مِن رَّحْمَةِ اللَّهِ

<a href=""https://t.me/YOUR_CHANNEL"">القرآن الكريم</a> ✍️"
356,"وَإِذَا سَأَلَكَ عِبَادِي عَنِّي فَإِنِّي قَرِيبٌ أُجِيبُ دَعْوَةَ الدَّاعِ إِذَا دَعَانِ

<a href=""https://t.me/YOUR_CHANNEL"">القرآن الكريم</a> ✍️"
357,"لَا تُدْرِكُهُ الْأَبْصَارُ وَهُوَ يُدْرِكُ الْأَبْصَارَ وَهُوَ اللَّطِيفُ الْخَبِيرُ

<a href=""https://t.me/YOUR_CHANNEL"">القرآن الكريم</a> ✍️"
358,"وَتَوَكَّلْ عَلَى الْحَيِّ الَّذِي لَا يَمُوتُ

<a href=""https://t.me/YOUR_CHANNEL"">القرآن الكريم</a> ✍️"
359,"وَعَسَى أَن تَكْرَهُوا شَيْئًا وَهُوَ خَيْرٌ لَّكُمْ

<a href=""https://t.me/YOUR_CHANNEL"">القرآن الكريم</a> ✍️"
360,"إِنَّ اللَّهَ مَعَ الصَّابِرِينَ

<a href=""https://t.me/YOUR_CHANNEL"">القرآن الكريم</a> ✍️"
361,"وَالذَّاكِرِينَ اللَّهَ كَثِيرًا وَالذَّاكِرَاتِ أَعَدَّ اللَّهُ لَهُم مَّغْفِرَةً وَأَجْرًا عَظِيمًا

<a href=""https://t.me/YOUR_CHANNEL"">القرآن الكريم</a> ✍️"
362,"وَهُوَ مَعَكُمْ أَيْنَ مَا كُنتُمْ

<a href=""https://t.me/YOUR_CHANNEL"">القرآن الكريم</a> ✍️"
363,"مَا وَدَّعَكَ رَبُّكَ وَمَا قَلَى

<a href=""https://t.me/YOUR_CHANNEL"">القرآن الكريم</a> ✍️"
364,"وَلَسَوْفَ يُعْطِيكَ رَبُّكَ فَتَرْضَى

<a href=""https://t.me/YOUR_CHANNEL"">القرآن الكريم</a> ✍️"
365,"إِنَّ رَبِّي لَطِيفٌ لِّمَا يَشَاءُ إِنَّهُ هُوَ الْعَلِيمُ الْحَكِيمُ

<a href=""https://t.me/YOUR_CHANNEL"">القرآن الكريم</a> ✍️"
366,"فَبِمَا رَحْمَةٍ مِّنَ اللَّهِ لِنتَ لَهُمْ

<a href=""https://t.me/YOUR_CHANNEL"">القرآن الكريم</a> ✍️"
367,"وَقُل رَّبِّ زِدْنِي عِلْمًا

<a href=""https://t.me/YOUR_CHANNEL"">القرآن الكريم</a> ✍️"
368,"وَمَا كَانَ اللَّهُ مُعَذِّبَهُمْ وَهُمْ يَسْتَغْفِرُونَ

<a href=""https://t.me/YOUR_CHANNEL"">القرآن الكريم</a> ✍️"
369,"إِنَّ مَعِيَ رَبِّي سَيَهْدِينِ

<a href=""https://t.me/YOUR_CHANNEL"">القرآن الكريم</a> ✍️"
370,"ادْعُونِي أَسْتَجِبْ لَكُمْ

<a href=""https://t.me/YOUR_CHANNEL"">القرآن الكريم</a> ✍️"
371,"احْفَظِ اللَّهَ يَحْفَظْكَ، احْفَظِ اللَّهَ تَجِدْهُ تُجَاهَكَ.

<a href=""https://t.me/YOUR_CHANNEL"">الرسول صلى الله عليه وسلم</a> ✍️"
372,"عَجَبًا لأَمْرِ الْمُؤْمِنِ، إِنَّ أَمْرَهُ كُلَّهُ خَيْرٌ.

<a href=""https://t.me/YOUR_CHANNEL"">الرسول صلى الله عليه وسلم</a> ✍️"
373,"تَبَسُّمُكَ فِي وَجْهِ أَخِيكَ صَدَقَةٌ.

<a href=""https://t.me/YOUR_CHANNEL"">الرسول صلى الله عليه وسلم</a> ✍️"
374,"مَنْ كَانَ يُؤْمِنُ بِاللَّهِ وَالْيَوْمِ الآخِرِ فَلْيَقُلْ خَيْرًا أَوْ لِيَصْمُتْ.

<a href=""https://t.me/YOUR_CHANNEL"">الرسول صلى الله عليه وسلم</a> ✍️"
375,"إِنَّمَا الأَعْمَالُ بِالنِّيَّاتِ، وَإِنَّمَا لِكُلِّ امْرِئٍ مَا نَوَى.

<a href=""https://t.me/YOUR_CHANNEL"">الرسول صلى الله عليه وسلم</a> ✍️"
376,"الْمُؤْمِنُ الْقَوِيُّ خَيْرٌ وَأَحَبُّ إِلَى اللَّهِ مِنَ الْمُؤْمِنِ الضَّعِيفِ.

<a href=""https://t.me/YOUR_CHANNEL"">الرسول صلى الله عليه وسلم</a> ✍️"
377,"مَنْ سَلَكَ طَرِيقًا يَلْتَمِسُ فِيهِ عِلْمًا سَهَّلَ اللَّهُ لَهُ بِهِ طَرِيقًا إِلَى الْجَنَّةِ.

<a href=""https://t.me/YOUR_CHANNEL"">الرسول صلى الله عليه وسلم</a> ✍️"
378,"اتَّقِ اللَّهَ حَيْثُمَا كُنْتَ، وَأَتْبِعِ السَّيِّئَةَ الْحَسَنَةَ تَمْحُهَا.

<a href=""https://t.me/YOUR_CHANNEL"">الرسول صلى الله عليه وسلم</a> ✍️"
379,"يَسِّرُوا وَلا تُعَسِّرُوا، وَبَشِّرُوا وَلا تُنَفِّرُوا.

<a href=""https://t.me/YOUR_CHANNEL"">الرسول صلى الله عليه وسلم</a> ✍️"
380,"الدُّعَاءُ هُوَ الْعِبَادَةُ.

<a href=""https://t.me/YOUR_CHANNEL"">الرسول صلى الله عليه وسلم</a> ✍️"
381,"مَنْ لَا يَرْحَمِ النَّاسَ لَا يَرْحَمْهُ اللَّهُ.

<a href=""https://t.me/YOUR_CHANNEL"">الرسول صلى الله عليه وسلم</a> ✍️"
382,"طُوبَى لِمَنْ وَجَدَ فِي صَحِيفَتِهِ اسْتِغْفَارًا كَثِيرًا.

<a href=""https://t.me/YOUR_CHANNEL"">الرسول صلى الله عليه وسلم</a> ✍️"
383,"أَقْرَبُ مَا يَكُونُ الْعَبْدُ مِنْ رَبِّهِ وَهُوَ سَاجِدٌ، فَأَكْثِرُوا الدُّعَاءَ.

<a href=""https://t.me/YOUR_CHANNEL"">الرسول صلى الله عليه وسلم</a> ✍️"
384,"الْبِرُّ حُسْنُ الْخُلُقِ.

<a href=""https://t.me/YOUR_CHANNEL"">الرسول صلى الله عليه وسلم</a> ✍️"
385,"كَلِمَتَانِ خَفِيفَتَانِ عَلَى اللِّسَانِ، ثَقِيلَتَانِ فِي الْمِيزَانِ: سُبْحَانَ اللَّهِ وَبِحَمْدِهِ، سُبْحَانَ اللَّهِ الْعَظِيمِ.

<a href=""https://t.me/YOUR_CHANNEL"">الرسول صلى الله عليه وسلم</a> ✍️"
386,"احرص على الموت توهب لك الحياة.

<a href=""https://t.me/YOUR_CHANNEL"">أبو بكر الصديق</a> ✍️"
387,"إذا استشرت فاصدق الحديث تُصْدَق النصح.

<a href=""https://t.me/YOUR_CHANNEL"">أبو بكر الصديق</a> ✍️"
388,"أكيس الكيس التقوى، وأحمق الأحمق الفجور.

<a href=""https://t.me/YOUR_CHANNEL"">أبو بكر الصديق</a> ✍️"
389,"إن الله يرى منكم ما لا ترون من أنفسكم.

<a href=""https://t.me/YOUR_CHANNEL"">أبو بكر الصديق</a> ✍️"
390,"اصبروا فإن الصبر كرم، والعافية غنيمة.

<a href=""https://t.me/YOUR_CHANNEL"">أبو بكر الصديق</a> ✍️"
391,"حاسبوا أنفسكم قبل أن تحاسبوا، وزنوها قبل أن توزونوا.

<a href=""https://t.me/YOUR_CHANNEL"">عمر بن الخطاب</a> ✍️"
392,"عليك بالصدق وإن قتلك الصدق.

<a href=""https://t.me/YOUR_CHANNEL"">عمر بن الخطاب</a> ✍️"
393,"نحن قوم أصلحنا الله بالإسلام، فمهما ابتغينا العزة في غيره أذلنا الله.

<a href=""https://t.me/YOUR_CHANNEL"">عمر بن الخطاب</a> ✍️"
394,"لا تعتمد على خلق رجل حتى تجرّبه عند الغضب.

<a href=""https://t.me/YOUR_CHANNEL"">عمر بن الخطاب</a> ✍️"
395,"وجدنا أطيب عيشنا بالصبر.

<a href=""https://t.me/YOUR_CHANNEL"">عمر بن الخطاب</a> ✍️"
396,"من كثر كلامه كثر سقطه، ومن كثر سقطه قل حياؤه.

<a href=""https://t.me/YOUR_CHANNEL"">عمر بن الخطاب</a> ✍️"
397,"تعلّموا العلم، وتعلّموا للعلم السكينة والوقار.

<a href=""https://t.me/YOUR_CHANNEL"">عمر بن الخطاب</a> ✍️"
398,"لو طهرت قلوبكم ما شبعت من كلام ربكم.

<a href=""https://t.me/YOUR_CHANNEL"">عثمان بن عفان</a> ✍️"
399,"إن الله يزع بالسلطان ما لا يزع بالقرآن.

<a href=""https://t.me/YOUR_CHANNEL"">عثمان بن عفان</a> ✍️"
400,"لكل شيء آفة، وآفة العلم النسيان.

<a href=""https://t.me/YOUR_CHANNEL"">عثمان بن عفان</a> ✍️"
401,"الدنيا خضرة حلوة، قد حُببت إلى الناس.

<a href=""https://t.me/YOUR_CHANNEL"">عثمان بن عفان</a> ✍️"
402,"الناس نيام، فإذا ماتوا انتبهوا.

<a href=""https://t.me/YOUR_CHANNEL"">علي بن أبي طالب</a> ✍️"
403,"رضا الناس غاية لا تدرك، ورضا الله غاية لا تترك.

<a href=""https://t.me/YOUR_CHANNEL"">علي بن أبي طالب</a> ✍️"
404,"لا تكثر الهموم، فما قُدِّر لك سيكون.

<a href=""https://t.me/YOUR_CHANNEL"">علي بن أبي طالب</a> ✍️"
405,"من أصلح ما بينه وبين الله، أصلح الله ما بينه وبين الناس.

<a href=""https://t.me/YOUR_CHANNEL"">علي بن أبي طالب</a> ✍️"
406,"كفى بقناعة المرء غنى، وبتقواه حسناً.

<a href=""https://t.me/YOUR_CHANNEL"">علي بن أبي طالب</a> ✍️"
407,"الصبر من الإيمان بمنزلة الرأس من الجسد.

<a href=""https://t.me/YOUR_CHANNEL"">علي بن أبي طالب</a> ✍️"
408,"من قلّ صدقه قلّ صديقه.

<a href=""https://t.me/YOUR_CHANNEL"">علي بن أبي طالب</a> ✍️"
409,"لا زهد كأخذ الحلال، ولا ورع كالوقوف عند الشبهات.

<a href=""https://t.me/YOUR_CHANNEL"">علي بن أبي طالب</a> ✍️"
410,"أعجز الناس من عجز عن اكتساب الإخوان، وأعجز منه من ضيع من ظفر به منهم.

<a href=""https://t.me/YOUR_CHANNEL"">علي بن أبي طالب</a> ✍️"
411,"يا ابن آدم، إنما أنت أيام، كلما ذهب يوم ذهب بعضك.

<a href=""https://t.me/YOUR_CHANNEL"">الحسن البصري</a> ✍️"
412,"من خاف الله خاف منه كل شيء، ومن خاف الناس خوفه الله من كل شيء.

<a href=""https://t.me/YOUR_CHANNEL"">الحسن البصري</a> ✍️"
413,"الدنيا كلها ظلام إلا مجالس العلماء.

<a href=""https://t.me/YOUR_CHANNEL"">الحسن البصري</a> ✍️"
414,"استكثروا من الأصدقاء المؤمنين فإن لهم شفاعة يوم القيامة.

<a href=""https://t.me/YOUR_CHANNEL"">الحسن البصري</a> ✍️"
415,"إن المؤمن أحسن الظن بربه فأحسن العمل، وإن المنافق أساء الظن بربه فأساء العمل.

<a href=""https://t.me/YOUR_CHANNEL"">الحسن البصري</a> ✍️"
416,"الزهد في الدنيا يريح القلب والبدن.

<a href=""https://t.me/YOUR_CHANNEL"">الحسن البصري</a> ✍️"
417,"من علم أن الموت موعده، والقيامة مجمعه، والوقوف بين يدي الله مشهده، فحريّ به أن يطيل حزنه.

<a href=""https://t.me/YOUR_CHANNEL"">الحسن البصري</a> ✍️"
418,"لا يزال العبد بخير ما كان له واعظ من نفسه.

<a href=""https://t.me/YOUR_CHANNEL"">الحسن البصري</a> ✍️"
419,"القلب يمرض كما يمرض البدن، وشفاؤه في التوبة والحمية.

<a href=""https://t.me/YOUR_CHANNEL"">ابن القيم</a> ✍️"
420,"من وطَّن قلبه عند ربه سكن واستراح، ومن أرسله في الناس اضطرب واشتد به القلق.

<a href=""https://t.me/YOUR_CHANNEL"">ابن القيم</a> ✍️"
421,"الدعاء من أنفع الأدوية، وهو عدو البلاء، يدقعه ويعالجه.

<a href=""https://t.me/YOUR_CHANNEL"">ابن القيم</a> ✍️"
422,"إضاعَةُ الوَقْتِ أشَدُّ مِنَ المَوْتِ؛ لأنَّ إضاعَةَ الوَقْتِ تَقْطَعُكَ عَنِ اللَّهِ وَالدّارِ الآخِرَةِ.

<a href=""https://t.me/YOUR_CHANNEL"">ابن القيم</a> ✍️"
423,"من عرف نفسه اشتغل بإصلاحها عن عيوب الناس.

<a href=""https://t.me/YOUR_CHANNEL"">ابن القيم</a> ✍️"
424,"للعبد بين يدي الله موقفان: موقف بين يديه في الصلاة، وموقف بين يديه يوم لقائه.

<a href=""https://t.me/YOUR_CHANNEL"">ابن القيم</a> ✍️"
425,"إذا أصبح العبد وأمسى وليس همه إلا الله وحده، حمل الله عنه حوائجه كلها.

<a href=""https://t.me/YOUR_CHANNEL"">ابن القيم</a> ✍️"
426,"ما أنعم الله على عبد بنعمة أعظم من أن هداه للإسلام.

<a href=""https://t.me/YOUR_CHANNEL"">ابن القيم</a> ✍️"
427,"الصبر الجميل هو الذي لا شكوى فيه إلى المخلوق.

<a href=""https://t.me/YOUR_CHANNEL"">ابن القيم</a> ✍️"
428,"الذوق السليم هو الذي يفرّق بين الحق والباطل بسهولة.

<a href=""https://t.me/YOUR_CHANNEL"">ابن القيم</a> ✍️"
429,"الذِكر للقلب مثل الماء للسمك، فكيف يكون حال السمك إذا أُخرج من الماء؟

<a href=""https://t.me/YOUR_CHANNEL"">ابن تيمية</a> ✍️"
430,"مَن أراد السعادة الأبدية فليلتزم عتبة العبودية.

<a href=""https://t.me/YOUR_CHANNEL"">ابن تيمية</a> ✍️"
431,"الإنصات إلى الحق خير من قوله بغير حق.

<a href=""https://t.me/YOUR_CHANNEL"">ابن تيمية</a> ✍️"
432,"ما يفعل أعدائي بي؟ أنا جنّتي وبستاني في صدري، أينما ذهبت فهي معي.

<a href=""https://t.me/YOUR_CHANNEL"">ابن تيمية</a> ✍️"
433,"إن في الدنيا جنة من لم يدخلها لم يدخل جنة الآخرة: هي معرفة الله ومحبته.

<a href=""https://t.me/YOUR_CHANNEL"">ابن تيمية</a> ✍️"
434,"الاستغفار يخرج العبد من الفعل المكروه إلى الفعل المحبوب.

<a href=""https://t.me/YOUR_CHANNEL"">ابن تيمية</a> ✍️"
435,"نعيب زماننا والعيب فينا، وما لزماننا عيب سوانا.

<a href=""https://t.me/YOUR_CHANNEL"">الإمام الشافعي</a> ✍️"
436,"إذا تخلى الناس عنك في الكرب، فاعلم أن الله يريد أن يتولى أمرك بنفسه.

<a href=""https://t.me/YOUR_CHANNEL"">الإمام الشافعي</a> ✍️"
437,"من لزم التقوى يستضاء بنوره، ومن حاد عنها خاب وخسر.

<a href=""https://t.me/YOUR_CHANNEL"">الإمام الشافعي</a> ✍️"
438,"سَهرَت أَعيُنٌ وَنامَت عُيونُ ... في أُمورٍ تَكونُ أَو لا تَكونُ.

<a href=""https://t.me/YOUR_CHANNEL"">الإمام الشافعي</a> ✍️"
439,"من ظن أنه يستغني عن العلم فقد ظلم نفسه.

<a href=""https://t.me/YOUR_CHANNEL"">الإمام الشافعي</a> ✍️"
440,"شكوت إلى وكيع سوء حفظي، فأرشدني إلى ترك المعاصي.

<a href=""https://t.me/YOUR_CHANNEL"">الإمام الشافعي</a> ✍️"
441,"عزود نفسك عن الدنايا، تعش حراً مقيماً في العلاء.

<a href=""https://t.me/YOUR_CHANNEL"">الإمام الشافعي</a> ✍️"
442,"عليك بالقلة من الدنيا تحبك الملاء.

<a href=""https://t.me/YOUR_CHANNEL"">سفيان الثوري</a> ✍️"
443,"ما عالجت شيئاً أشد عليّ من نيتي، لأنها تتقلب عليّ.

<a href=""https://t.me/YOUR_CHANNEL"">سفيان الثوري</a> ✍️"
444,"إذا أردت أن تعرف قدرك عند الله، فانظر فيما يقيمك.

<a href=""https://t.me/YOUR_CHANNEL"">سفيان الثوري</a> ✍️"
445,"المال في هذا الزمان سلاح المؤمن.

<a href=""https://t.me/YOUR_CHANNEL"">سفيان الثوري</a> ✍️"
446,"المؤمن يستر ويوجه، والفاجر يهتك ويعيّر.

<a href=""https://t.me/YOUR_CHANNEL"">الفضيل بن عياض</a> ✍️"
447,"ترك العمل من أجل الناس رياء، والعمل من أجل الناس شرك.

<a href=""https://t.me/YOUR_CHANNEL"">الفضيل بن عياض</a> ✍️"
448,"بقدر ما يصغر الذنب عندك يعظم عند الله.

<a href=""https://t.me/YOUR_CHANNEL"">الفضيل بن عياض</a> ✍️"
449,"ليس العاقل الذي يعرف الخير والشر، إنما العاقل الذي إذا رأى الخير اتبعه وإذا رأى الشر اجتنبه.

<a href=""https://t.me/YOUR_CHANNEL"">سفيان بن عيينة</a> ✍️"
450,"السكوت عن الحديث في غير موضعه حكمة.

<a href=""https://t.me/YOUR_CHANNEL"">سفيان بن عيينة</a> ✍️"
451,"معالم الهدى في كتاب الله، فمن أراد العلم فليثوّر القرآن.

<a href=""https://t.me/YOUR_CHANNEL"">عبد الله بن مسعود</a> ✍️"
452,"ما ندمت على شيء ندمي على يوم غربت شمسه نقص فيه أجلي ولم يزد فيه عملي.

<a href=""https://t.me/YOUR_CHANNEL"">عبد الله بن مسعود</a> ✍️"
453,"إنكم في إدبار من الليل والنهار، في آجال منقوصة، وأعمال محفوظة.

<a href=""https://t.me/YOUR_CHANNEL"">عبد الله بن مسعود</a> ✍️"
454,"كونوا ينابيع العلم، مصابيح الهدى، أحلاس البيوت، جُدد القلوب.

<a href=""https://t.me/YOUR_CHANNEL"">عبد الله بن مسعود</a> ✍️"
455,"ادع الله في يوم سرائك، يستجب لك في يوم ضرائك.

<a href=""https://t.me/YOUR_CHANNEL"">أبو الدرداء</a> ✍️"
456,"نعم الصومعة البيت، يكفّ المرء فيه لسانه وبصره.

<a href=""https://t.me/YOUR_CHANNEL"">أبو الدرداء</a> ✍️"
457,"من أثر الدنيا على الآخرة فلا دنيا أصاب ولا آخرة أدرك.

<a href=""https://t.me/YOUR_CHANNEL"">أبو الدرداء</a> ✍️"
458,"من أصلح سريرته فاح عبير فضله، وابتسمت القلوب إليه.

<a href=""https://t.me/YOUR_CHANNEL"">ابن الجوزي</a> ✍️"
459,"الدنيا دار سفر لا دار مقر، فاجعل التزود منها كفافاً.

<a href=""https://t.me/YOUR_CHANNEL"">ابن الجوزي</a> ✍️"
460,"عجباً لمن يبكي على موت بدنه، ولا يبكي على موت قلبه!

<a href=""https://t.me/YOUR_CHANNEL"">ابن الجوزي</a> ✍️"
461,"كتمان الأسرار من شيم الأبرار.

<a href=""https://t.me/YOUR_CHANNEL"">ابن الجوزي</a> ✍️"
462,"من أطاع هواه فقد أعطى عدوه سلاحه.

<a href=""https://t.me/YOUR_CHANNEL"">ابن الجوزي</a> ✍️"
463,"الغيبة هي الصاعقة التي تحرق الطاعات.

<a href=""https://t.me/YOUR_CHANNEL"">الإمام الغزالي</a> ✍️"
464,"من لم يحركه الربيع وأزهاره، والعود وأوتاره، فهو فاسد المزاج ليس له علاج.

<a href=""https://t.me/YOUR_CHANNEL"">الإمام الغزالي</a> ✍️"
465,"النية روح العمل، وبدونها يكون العمل جثة هامدة.

<a href=""https://t.me/YOUR_CHANNEL"">الإمام الغزالي</a> ✍️"
466,"الحكمة هي العلم الممزوج بالعمل.

<a href=""https://t.me/YOUR_CHANNEL"">الإمام الغزالي</a> ✍️"
467,"إن القلوب إذا لم تستنير بذكر الله أظلمت.

<a href=""https://t.me/YOUR_CHANNEL"">مالك بن دينار</a> ✍️"
468,"بقدر ما تحزن للدنيا يخرج همّ الآخرة من قلبك.

<a href=""https://t.me/YOUR_CHANNEL"">مالك بن دينار</a> ✍️"
469,"مساكين أهل الدنيا، خرجوا منها وما ذاقوا أطيب ما فيها: معرفة الله تعالى.

<a href=""https://t.me/YOUR_CHANNEL"">مالك بن دينار</a> ✍️"
470,"الدنيا خمر الشيطان، من سكر منها لا يفيق إلا في عسكر الموتى.

<a href=""https://t.me/YOUR_CHANNEL"">يحيى بن معاذ</a> ✍️"
471,"القلب كالمرجل يغلي بما فيه، وألسنتهم غرافها.

<a href=""https://t.me/YOUR_CHANNEL"">يحيى بن معاذ</a> ✍️"
472,"على قدر حبك لله يحبك الخلق.

<a href=""https://t.me/YOUR_CHANNEL"">يحيى بن معاذ</a> ✍️"
473,"من جعل دينه عرضة للخصومات أكثر التنقل.

<a href=""https://t.me/YOUR_CHANNEL"">عمر بن عبد العزيز</a> ✍️"
474,"أصلحوا سرايركم تصلح علانيتكم، واعملوا لآخرتكم تكفوا أمر دنياكم.

<a href=""https://t.me/YOUR_CHANNEL"">عمر بن عبد العزيز</a> ✍️"
475,"إن الليل والنهار يعملان فيك، فاعمل فيهما.

<a href=""https://t.me/YOUR_CHANNEL"">عمر بن عبد العزيز</a> ✍️"
476,"أفضل العبادة أداء الفرائض واجتناب المحارم.

<a href=""https://t.me/YOUR_CHANNEL"">عمر بن عبد العزيز</a> ✍️"
477,"ما نفع القلب شيء مثل عزلة يدخل بها ميدان فكرة.

<a href=""https://t.me/YOUR_CHANNEL"">ابن عطاء الله السكندري</a> ✍️"
478,"ربما أعطاك فمنعك، وربما منعك فأعطاك.

<a href=""https://t.me/YOUR_CHANNEL"">ابن عطاء الله السكندري</a> ✍️"
479,"معصية أورثت ذلاً وافتقاراً خير من طاعة أورثت عزاً واستكباراً.

<a href=""https://t.me/YOUR_CHANNEL"">ابن عطاء الله السكندري</a> ✍️"
480,"لا تصحب من لا ينهضك حاله، ولا يدلك على الله مقاله.

<a href=""https://t.me/YOUR_CHANNEL"">ابن عطاء الله السكندري</a> ✍️"
481,"إنما هو طعام دون طعام، ولباس دون لباس، وإنها أيام قلائل.

<a href=""https://t.me/YOUR_CHANNEL"">الإمام أحمد بن حنبل</a> ✍️"
482,"الناس إلى العلم أحوج منهم إلى الطعام والشراب.

<a href=""https://t.me/YOUR_CHANNEL"">الإمام أحمد بن حنبل</a> ✍️"
483,"عزيز عليّ أن تبكيك عين ولم ترَك.

<a href=""https://t.me/YOUR_CHANNEL"">الإمام أحمد بن حنبل</a> ✍️"
484,"السنة سفينة نوح، من ركبها نجا، ومن تخلف عنها غرق.

<a href=""https://t.me/YOUR_CHANNEL"">الإمام مالك</a> ✍️"
485,"لن يصلح آخر هذه الأمة إلا بماصلح به أولها.

<a href=""https://t.me/YOUR_CHANNEL"">الإمام مالك</a> ✍️"
486,"العلم نور يضعه الله في قلب من يشاء، ليس بكثرة الرواية.

<a href=""https://t.me/YOUR_CHANNEL"">الإمام مالك</a> ✍️"
487,"من تعطر بذكر الله لم تفح منه إلا أطيب الرائحة.

<a href=""https://t.me/YOUR_CHANNEL"">ابن رجب الحنبلي</a> ✍️"
488,"خاتمة السوء تكون بسبب سريرة سيئة للعبد لا يطلع عليها الناس.

<a href=""https://t.me/YOUR_CHANNEL"">ابن رجب الحنبلي</a> ✍️"
489,"العلم النافع هو ما باشر القلوب فأوجب لها الخشية والانقياد.

<a href=""https://t.me/YOUR_CHANNEL"">ابن رجب الحنبلي</a> ✍️"
490,"رب عمل صغير تعظمه النية، ورب عمل كبير تصغره النية.

<a href=""https://t.me/YOUR_CHANNEL"">عبد الله بن المبارك</a> ✍️"
491,"لا أعلم بعد النبوة درجة أفضل من بث العلم.

<a href=""https://t.me/YOUR_CHANNEL"">عبد الله بن المبارك</a> ✍️"
492,"من أعظم المصائب أن يعرف الإنسان عيب نفسه ثم لا يصلحه.

<a href=""https://t.me/YOUR_CHANNEL"">عبد الله بن المبارك</a> ✍️"
493,"الشريعة كلها مصالح: إما تدرأ مفاسد أو تجلب منافع.

<a href=""https://t.me/YOUR_CHANNEL"">الشاطبي</a> ✍️"
494,"من آثر الله على غيره آثره الله بالفضل والكرم.

<a href=""https://t.me/YOUR_CHANNEL"">العز بن عبد السلام</a> ✍️"
495,"البدايات المشرقة تكفل النهايات المشرقة.

<a href=""https://t.me/YOUR_CHANNEL"">النووي</a> ✍️"
496,"من اشتغل بالحديث النبوي صفت سريرته ورقت كبدُه.

<a href=""https://t.me/YOUR_CHANNEL"">ابن حجر العسقلاني</a> ✍️"
497,"إذا أراد الله بعبد خيرا جعل له واعظا من قلبه يزجره.

<a href=""https://t.me/YOUR_CHANNEL"">محمد بن سيرين</a> ✍️"
498,"لا يتم نبل الرجل حتى يستوي عنده المدح والذم.

<a href=""https://t.me/YOUR_CHANNEL"">طاووس بن كيسان</a> ✍️"
499,"إن الخشية أن تخشى الله حتى تحول خشيته بينك وبين معصيتك.

<a href=""https://t.me/YOUR_CHANNEL"">سعيد بن جبير</a> ✍️"
500,"لا يتعلم العلم مستحي ولا مستكبر.

<a href=""https://t.me/YOUR_CHANNEL"">مجاهد بن جبر</a> ✍️"
